Name of Dish,Ingredient 1 (Vegetable),Ingredient 2 (Vegetable),Ingredient 3 (Vegetable),Ingredient 4 (Vegetable),"Ingredient 5 (Grains, pulses and flour )",Ingredient 6 (Spices),Ingredient 7 (Spices),Ingredient 8 (Spices),Ingredient 9 (Spices),Ingredient 10 (Breads),Ingredient 11 (Milk products)
Aloo matar paneer,Potato,Tomato,Onion,Peas,Moong dal,Red Chilli,Turmeric,Asafoetida,Garam Masala,White Bread,Butter
Aloo paratha,Potato,Beans,Carrot,None,Whole wheat flour(Atta),Garam Masala,Paprika,None,None,None,Butter
Arrabbiata sauce Pasta,Tomato,Garlic,Mushrooms,Olives,White flour(Maida),Red Chilli,Black Pepper,Oregano,None,None,Cheese
Baked Falafel,Cilantro(Coriander leaves),Onion,Garlic,Lemon juice,Chickpeas(Chhole),Black Pepper,Cumin,Coriander seeds,Parsley,Pita Bread,None
Biryani,Potato,Peas,Onion,Tomato,Rice,Red Chilli,Turmeric,Coriander seeds,Saffron,None,Ghee
Brinjal ,Brinjal,Garlic,Pickles,Green chilli,Masoor dal,Black Pepper,Cinnamon,Nutmeg,Turmeric,White Bread,Ghee
Burger,Potato,Tomato,Cabbage,Jalapenos,None,Red Chilli,Black Pepper,Oregano,None,Pita Bread,Cheese
Carrot capsicum veggie,Carrot,Onion,Capsicum,Garlic,Whole wheat flour(Atta),Turmeric,Cumin,Cinnamon,Turmeric,Whole Wheat Bread,Ghee
Cholle Bhatura,Tomato,Onion,Ginger,Garlic,Chickpeas(Chhole),Red Chilli,Garam Masala,Fennel seeds,Bay leaves,Pita Bread,Ghee
Chane ki sabji,Coriander,Capsicum,Green chilli,Lemon juice,Gram(Chana),Cumin,Red Chilli,Turmeric,Garam Masala,None,Ghee
Cheese Pizza,Tomato,Onion,Olives,Capsicum,White flour(Maida),Oregano,Red Chilli,Black Pepper,None,None,Cheese
Cheesy crispy potato balls,Potato,Baby corn,Ginger,Garlic,White flour(Maida),Black Pepper,Oregano,Garam Masala,None,White Bread,Cheese
chole sandwich,Tomato,Carrot,Capsicum,Beetroot,Chickpeas(Chhole),Black Pepper,Cumin,Asafoetida,Oregano,Baguette,Cheese
Cholle,Onion,Garlic,None,None,Chickpeas(Chhole),Garam Masala,Turmeric,Red Chilli,None,None,None
Curry rice,Drumsticks,Curry leaves,Cauliflower,Ladyfinger(Okra),Rice,Red Chilli,Cumin,Asafoetida,Mustard,None,None
Dal Khichadi,Tomato,Onion,Capsicum,Green chilli,Toor dal,Red Chilli,Turmeric,Black Pepper,Cardamom,None,None
Dal Makhani,Tomato,Coriander,Onion,Garlic,Toor dal,Red Chilli,Turmeric,Cumin,Garam Masala,None,Butter
Dum aloo,Potato,Tomato,Coriander,Lemon juice,None,Red Chilli,Black Pepper,Turmeric,Garam Masala,None,None
Farmhouse Pizza ,Capsicum,Tomato,Olives,Sweet corn,White flour(Maida),Black Pepper,Red Chilli,Cinnamon,Oregano,White Bread,Cheese
Fried Beans&Potato,Carrot,Potato,Tomato,Beans,None,Cardamom,Asafoetida,Cumin,Black Pepper,None,None
Grilled cheese sandwich,Capsicum,Potato,Tomato,Beetroot,None,Black Pepper,None,None,None,White Bread,Cheese
Gulabjamun,None,None,None,None,White flour(Maida),Cardamom,None,None,None,None,Milk
Hash browns,Potato,Onion,Garlic,Coriander,White flour(Maida),Red Chilli,Black Pepper,None,None,None,Cheese
Sambhar,Drumsticks,Bottle Gourd,Pumpkin,Onion,Toor dal,Red Chilli,Cumin,Asafoetida,Coriander seeds,None,None
Manchow Soup,Capsicum,Cabbage,Carrot,Sweet corn,None,None,None,None,Black Pepper,None,None
Manchurian ,Cabbage,Capsicum,Onion,Ginger,None,Red Chilli,Black Pepper,None,None,None,None
Masala dosa,Potato,Curry leaves,Onion,Capsicum,Rice,Garam Masala,Mustard,Turmeric,Red Chilli,None,None
Matar paneer,Peas,Onion,Tomato,Garlic,None,Garam Masala,Turmeric,Red Chilli,Fenugreek seeds,None,Paneer(Cottage cheese)
Methi jhunka bhakari,Fenugreek,Garlic,Coriander,Onion,Gram(Chana),Cumin,Asafoetida,Mustard,Turmeric,None,None
Misal Pav,Onion,Tomato,Garlic,Coriander,Moong dal,Red Chilli,Turmeric,Garam Masala,Poppy seeds,Bun,None
Mushroom,Mushrooms,Onion,Garlic,Green chilli,None,Red Chilli,Turmeric,Garam Masala,Bay leaves,None,None
Noodles,Capsicum,Carrot,Cabbage,Onion,White flour(Maida),Black Pepper,Red Chilli,Oregano,None,None,Butter
Palak Paneer,Spinach,Tomato,Onion,Ginger,Gram flour(Besan),Red Chilli,Nutmeg,Coriander seeds,Cloves,None,Paneer(Cottage cheese)
Paneer Butter Masala,Tomato,Onion,Ginger,Capsicum,None,Turmeric,Garam Masala,Saffron,Red Chilli,None,Paneer(Cottage cheese)
Paneer chilli,Capsicum,Onion,Green chilli,Garlic,None,Black Pepper,Paprika,Oregano,None,None,Paneer(Cottage cheese)
Paneer makhani,Tomato,Coriander,None,None,None,Red Chilli,Cardamom,Cinnamon,Bay leaves,Whole Wheat Bread,Paneer(Cottage cheese)
Paneer Palak Kabab,Spinach,Potato,Garlic,Onion,None,Turmeric,Red Chilli,Cumin,Garam Masala,None,Paneer(Cottage cheese)
Paneer Tikka ,Onion,Capsicum,Tomato,None,None,Red Chilli,Garam Masala,Turmeric,Cumin,None,Paneer(Cottage cheese)
Pani puri,Coriander,Mint,Potato,None,White flour(Maida),Red Chilli,Black Pepper,Garam Masala,None,None,None
Pav bhaji,Potato,Capsicum,Tomato,Cauliflower,None,Mustard,Turmeric,Cinnamon,Cardamom,Bun,None
Pink sauce Pasta,Capsicum,Onion,Jalapenos,Olives,White flour(Maida),Black Pepper,Oregano,Red Chilli,None,Pita Bread,None
Pizza with Paneer,Capsicum,Jalapenos,Pickles,Olives,White flour(Maida),Mustard,Black Pepper,Red Chilli,Cinnamon,Pita Bread,Paneer(Cottage cheese)
Pizza with Mushrooms,Capsicum,Jalapenos,Olives,Mushrooms,White flour(Maida),Oregano,Paprika,Red Chilli,None,None,Cheese
Baby Corn Pizza,Capsicum,Onion,Tomato,Baby corn,None,Red Chilli,Black Pepper,Oregano,None,Pita Bread,Cheese
Sweet Corn Pizza,Olives,Tomato,Onion,Sweet corn,None,Red Chilli,Black Pepper,Oregano,Garam Masala,None,Cheese
Poha,Coriander,Onion,Curry leaves,Green chilli,Rice,Mustard,Turmeric,Cumin,None,None,None
Potato Poha,Potato,Onion,Peas,Curry leaves,Rice,Garam Masala,None,None,None,None,None
Pulav,Sweet corn,Onion,Garlic,None,Rice,Cinnamon,Bay leaves,Cloves,Garam Masala,None,Milk
Rajma Chawal,Kidney beans(Rajma),Onion,Tomato,Green chilli,Rice,Bay leaves,Cumin,Asafoetida,Garam Masala,None,Ghee
Ratatouille,Zucchini,Brinjal,Tomato,Capsicum,None,Black Pepper,Garlic Cloves,Onion,Parsley,None,None
Sandga,Onion,None,None,None,Moong dal,Garam Masala,Cinnamon,Cumin,Asafoetida,None,None
Schezwan Fried Rice,Capsicum,Carrot,Garlic,Cabbage,Rice,Red Chilli,Black Pepper,None,None,None,None
Sindhi mix vegetable,Cauliflower,Tomato,Potato,Carrot,None,Cumin,Red Chilli,Cinnamon,Turmeric,None,None
Smash,Tomato,Potato,Garlic,Onion,None,Black Pepper,Red Chilli,Garam Masala,None,None,None
Spaghetti,Tomato,Garlic,Onion,Mushrooms,White flour(Maida),Black Pepper,Oregano,Bay leaves,None,None,None
Spinach masala,Spinach,Onion,Capsicum,Sweet corn,Gram flour(Besan),Turmeric,Red Chilli,None,None,None,Ghee
Stuffed brinjal.,Brinjal,Onion,Garlic,Beans,Gram(Chana),Red Chilli,Garam Masala,Cumin,Turmeric,None,None
Stuffed karela,Bitter Gourd,Onion,Coriander,Jalapenos,None,Turmeric,Fennel seeds,Cumin,Red Chilli,Whole Wheat Bread,Curd
Sweetcorn Salad ,Sweet corn,Cucumber,Tomato,Onion,None,Oregano,Red Chilli,Black Pepper,None,None,Paneer(Cottage cheese)
Eggless Tomato Omlette,Tomato,Onion,Fenugreek,None,Urad dal,Red Chilli,Black Pepper,None,None,None,None
Paneer biryani,Onion,Cauliflower,Capsicum,Carrot,Rice,Red Chilli,Garam Masala,Cumin,Cinnamon,White Bread,Paneer(Cottage cheese)
Veg Beetroot Sandwich,Tomato,Capsicum,Beetroot,Onion,None,Black Pepper,Oregano,None,None,White Bread,Butter
Vegetable Fried Rice,Onion,Carrot,Cabbage,Garlic,Rice,Black Pepper,Cloves,Garam Masala,Turmeric,None,None
Vegetable Corn Sandwich,Potato,Tomato,Cabbage,Sweet corn,None,Red Chilli,Black Pepper,None,Cumin,White Bread,Butter
Vegetable Curd Sandwich,Cucumber,Onion,Capsicum,Capsicum,None,Black Pepper,Oregano,None,None,White Bread,Curd
Vinegret (Russian Salad),Beetroot,Potato,Carrot,Pickles,None,None,None,None,None,None,None
White sauce pasta,Capsicum,Garlic,Sweet corn,Onion,White flour(Maida),Black Pepper,Oregano,Paprika,None,None,Milk
Medu Vada,Onion,Ginger,Curry leaves,None,Gram flour(Besan),Black Pepper,Red Chilli,Fennel seeds,None,None,None
Italian Potato Salad,Potato,Onion,None,None,None,Parsley,Oregano,Black Pepper,None,None,Cheese
Garlic Bread,Garlic,None,None,None,None,Parsley,None,None,None,Baguette,Butter
Spring Green Risotto,Spinach,Peas,Onion,Mushrooms,Rice,Garlic Cloves,None,None,None,None,Cheese
Marinated Tomatoes,Tomato,Onion,None,None,None,Garlic Cloves,Black Pepper,Parsley,Basil,None,None
Italian Cheese Loaf,Tomato,Olives,None,None,None,Oregano,Basil,None,None,Baguette,Cheese
Italian Zucchini Casserole,Zucchini,Tomato,Onion,None,None,Black Pepper,Oregano,Garlic Cloves,Basil,None,Cheese
Texas-Style Spanish Rice,Onion,Tomato,Green chilli,Garlic,Rice,Turmeric,Cumin,None,None,None,None
German Cucumber Salad,Cucumber,Tomato,Onion,None,None,Mustard,Black Pepper,Parsley,None,None,Sour cream
Spinach Quesadillas,Spinach,Onion,Tomato,Garlic,White flour(Maida),Cumin,None,None,None,None,Cheese
Pumpkin Stir Fry Sabzi,Pumpkin,Fenugreek,Coriander,None,None,Cumin,Red Chilli,Mustard,Turmeric,None,Ghee
Tomato Soup,Tomato,Onion,Celery,None,None,Black Pepper,Oregano,Basil,None,None,None
Garlic Parmesan Grilled Eggplant (Brinjal),Brinjal,Garlic,None,None,None,Black Pepper,Oregano,None,None,None,Cheese
Sauteed green beans,Beans,Onion,Garlic,None,None,Parsley,Black Pepper,None,None,None,Butter
Roasted Garlic Butter Mushrooms ,Mushrooms,Garlic,None,None,None,Basil,Parsley,None,None,None,Butter
Cilantro Lime Rice,Cilantro(Coriander leaves),Garlic,Onion,Lemon juice,Rice,None,None,None,None,None,Butter
Aloo Beans Sabzi,Beans,Potato,Coriander,None,None,Turmeric,Asafoetida,Garam Masala,Cumin,None,None
Crispy Baked Parmesan Garlic Fries,Garlic,Potato,None,None,None,Parsley,Black Pepper,None,None,None,Cheese
Raita,Cucumber,Mint,Onion,None,None,Black Pepper,Cumin,None,None,None,Curd
Sindhi Koki,Green chilli,Coriander,Onion,None,Whole wheat flour(Atta),Coriander seeds,Cumin,None,None,None,None
Chilli Cheese Toast,Green chilli,Ginger,None,None,None,Black Pepper,None,None,None,Whole Wheat Bread,Cheese
Masoor Dal,Tomato,Green chilli,None,None,Masoor dal,Cumin,Asafoetida,Red Chilli,Turmeric,None,Ghee
Brinjal Chutney,Brinjal,Coriander,Tomato,Ginger,None,Garlic Cloves,Red Chilli,Onion,None,None,None
Vegetable Borscht Soup,Beetroot,Potato,Celery,Kidney beans(Rajma),None,Garlic Cloves,Onion,Parsley,Basil,None,None
Split Peas Soup,Peas,Onion,Celery,Carrot,None,None,None,None,None,None,None
Pumpkin Soup,Pumpkin,Onion,Garlic,None,None,Cumin,Red Chilli,None,None,None,None
Cheddar Broccoli Potato Soup,Broccoli,Potato,Carrot,Celery,White flour(Maida),Thyme,Onion,Garlic Cloves,None,None,Cheese
Lauki Chana Dal,Bottle Gourd,Tomato,Ginger,Coriander,Chana dal,Red Chilli,Onion,Garlic Cloves,Asafoetida,None,None
Spinach Stuffed Sweet Potatoes,Sweet potato,Spinach,None,None,None,Black Pepper,Garlic Cloves,None,None,None,None
Stuffed Portobello Mushrooms with Spinach and Feta,Mushrooms,Spinach,Garlic,None,None,Black Pepper,Garlic Cloves,None,None,None,Cheese
Lemon and Garlic Broccoli,Broccoli,Garlic,Lemon juice,None,None,None,None,None,None,None,None
Cabbage salad with corn,Cabbage,Cucumber,Sweet corn,None,None,Dill,Black Pepper,None,None,None,None
Aloo Oats Pattis,Potato,Fenugreek,Cilantro(Coriander leaves),None,Oats,Garam Masala,Red Chilli,None,None,None,None
Parmesan Zucchini and Corn,Zucchini,Sweet corn,Cilantro(Coriander leaves),Lemon juice,None,Black Pepper,Garlic Cloves,Oregano,Basil,None,Cheese
Chilli Roasted Zucchini,Zucchini,Garlic,None,None,None,Red Chilli,Black Pepper,None,None,None,None
Garlic Parmesan Roasted Sweet Potato,Sweet potato,Garlic,None,None,None,Thyme,None,None,None,None,Cheese
Lemon Coriander Soup,Cilantro(Coriander leaves),Lemon juice,Carrot,Ginger,None,Black Pepper,Garlic Cloves,Onion,Green Chilli,None,None
Roasted Red Pepper Cauliflower Soup,Cauliflower,Capsicum,Onion,None,None,Garlic Cloves,Black Pepper,Paprika,Thyme,None,None
Kadai Paneer,Tomato,Capsicum,Cilantro(Coriander leaves),Ginger,None,Onion,Garlic Cloves,Garam Masala,Red Chilli,None,Paneer(Cottage cheese)
Paneer Cutlet,Potato,Sweet corn,Coriander,Ginger,Gram flour(Besan),Red Chilli,Cumin,Onion,Garam Masala,None,Paneer(Cottage cheese)
Pan fried baby corn,Baby corn,Cilantro(Coriander leaves),Ginger,Garlic,Corn flour,Red Chilli,Turmeric,Cumin,None,None,Curd
Paneer Paratha,Cilantro(Coriander leaves),Green chilli,None,None,Whole wheat flour(Atta),Cumin,Red Chilli,Garam Masala,None,None,Paneer(Cottage cheese)
Methi Paratha,Fenugreek,Garlic,Ginger,None,Whole wheat flour(Atta),Red Chilli,Cumin,Oregano,None,None,None
Methi Sabzi,Fenugreek,Potato,Carrot,Lemon juice,None,Turmeric,Garam Masala,Red Chilli,Coriander,None,None
Cluster Beans(Gavar) Sabzi,Cluster Beans(Gavar),Potato,Carrot,Lemon juice,None,Turmeric,Garam Masala,Coriander,Red Chilli,None,None
Karela (Bitter Gourd) Sabzi,Bitter Gourd,Tomato,Ginger,Garlic,None,Turmeric,Garam Masala,Red Chilli,Coriander,None,None
Colocasia(Arbi) and Paneer Sabzi,Colocasia,Cilantro(Coriander leaves),Lemon juice,None,Gram flour(Besan),Turmeric,Garam Masala,Red Chilli,Coriander,None,Paneer(Cottage cheese)
Colocasia(Arbi) Curry,Colocasia,Tomato,Ginger,Garlic,None,Turmeric,Asafoetida,Garam Masala,Red Chilli,None,Curd
Dahi Aloo Sabzi,Potato,Cilantro(Coriander leaves),None,None,None,Garam Masala,Cumin,Asafoetida,Turmeric,None,Curd
Mooli Paratha,Radish,Cilantro(Coriander leaves),Ginger,Green chilli,Whole wheat flour(Atta),Red Chilli,Turmeric,Asafoetida,None,None,Ghee
Turnip Salad,Turnip,Onion,None,None,None,Parsley,Black Pepper,None,None,None,None
Cabbage Sabzi,Cabbage,Potato,Cilantro(Coriander leaves),None,None,Cumin,Asafoetida,Garam Masala,Turmeric,None,None
Cauliflower Sabzi,Cauliflower,Potato,Carrot,Peas,None,Turmeric,Red Chilli,Garam Masala,Coriander,None,None
Stuffed Capsicum Sabzi,Capsicum,Potato,Cilantro(Coriander leaves),None,None,Fennel seeds,Garam Masala,Red Chilli,Asafoetida,None,None
Palak Aloo Sabzi,Spinach,Potato,Tomato,Ginger,None,Garam Masala,Garlic Cloves,Red Chilli,Turmeric,None,None
Lauki Sabzi,Bottle Gourd,Tomato,Cilantro(Coriander leaves),None,None,Turmeric,Asafoetida,Red Chilli,Garam Masala,None,Ghee
Palak Chane ki Dal,Spinach,Tomato,Ginger,Garlic,Chana dal,Turmeric,Red Chilli,Garam Masala,Coriander,None,None
Herb and garlic mashed potatoes,Potato,Garlic,None,None,None,Parsley,Dill,Black Pepper,None,None,Butter
Moong Dal Methi Sabzi,Fenugreek,Garlic,Onion,Green chilli,Moong dal,Turmeric,Cumin,None,None,None,None
Indian Chickpea Salad,Tomato,Cucumber,Cilantro(Coriander leaves),Mint,Chickpeas(Chhole),Onion,Black Pepper,None,None,None,Curd
Garlic Paneer,Garlic,None,None,None,Corn flour,Red Chilli,Black Pepper,Oregano,None,None,Paneer(Cottage cheese)
South Indian Bread Upma,Tomato,Capsicum,Ginger,Curry leaves,None,Turmeric,Red Chilli,Green Chilli,Mustard,Whole Wheat Bread,None
Lemon Garlic Baked Grated Carrots,Carrot,Onion,Lemon juice,None,None,Black Pepper,Garlic Cloves,None,None,None,Butter
Vegan Carrot Hot Dogs,Carrot,Onion,Tomato,Garlic,None,Black Pepper,Paprika,None,None,Baguette,None
Scrambled Paneer,Tomato,Ginger,Cilantro(Coriander leaves),Garlic,None,Red Chilli,Garam Masala,Turmeric,Cumin,None,Paneer(Cottage cheese)
Moong sprouts tikki,Onion,Ginger,Cilantro(Coriander leaves),Potato,Moong dal,Red Chilli,Garam Masala,None,None,None,None
Punjabi Green Moong Dal,Cilantro(Coriander leaves),Onion,Tomato,Ginger,Moong dal,Red Chilli,Garam Masala,Cumin,Turmeric,None,None
Sprouted Moong Dal Salad,Onion,Tomato,Cilantro(Coriander leaves),Lemon juice,Moong dal,Red Chilli,Green Chilli,None,None,None,None
Creamy Spinach Soup,Spinach,Onion,Garlic,Jalapenos,None,Black Pepper,None,None,None,None,Cheese
Lauki Soup,Bottle Gourd,Onion,Cilantro(Coriander leaves),Ginger,None,Black Pepper,Garlic Cloves,Green Chilli,None,None,None
Roasted Carrot Soup,Carrot,Ginger,None,None,None,Coriander,Garlic Cloves,Black Pepper,Garam Masala,None,Sour cream
Potato cakes with carrot and rice,Potato,Onion,Carrot,None,Rice,Parsley,None,None,None,None,None
Bombay Chutney(Side dish for Puri),Tomato,Ginger,Curry leaves,Garlic,Gram flour(Besan),Green Chilli,Onion,Mustard,Turmeric,None,None
British Mushy Peas,Peas,Mint,Lemon juice,None,None,Black Pepper,None,None,None,None,Butter
Portobello Mushroom Burger,Mushrooms,Tomato,Lettuce,Garlic,None,Onion,Black Pepper,Paprika,None,Bun,Cheese
Onion Bhaji,Onion,Cilantro(Coriander leaves),None,None,Gram flour(Besan),Cumin,Coriander,Turmeric,Red Chilli,None,None
Onion Paratha,Onion,Green chilli,Cilantro(Coriander leaves),None,Whole wheat flour(Atta),Red Chilli,Garam Masala,None,None,None,Ghee
Vegan Zucchini Soup,Zucchini,Carrot,Celery,White Beans,None,Onion,Garlic Cloves,Thyme,Cayenne Peppers,None,None
Caprese Bites,Tomato,None,None,None,None,Basil,None,None,None,None,Cheese
Cabbage Paratha,Cabbage,Cilantro(Coriander leaves),Green chilli,Ginger,Whole wheat flour(Atta),Cumin,Coriander,Garam Masala,None,None,Ghee
Sindhi Onion Pickle,Onion,None,None,None,None,Turmeric,Red Chilli,Mustard,None,None,None
Coriander Mint Chutney,Cilantro(Coriander leaves),Mint,Ginger,Lemon juice,None,Cumin,Green Chilli,Garlic Cloves,None,None,None
Onion Tomato Chutney,Onion,Tomato,Ginger,Curry leaves,Urad dal,Red Chilli,Garlic Cloves,Asafoetida,Mustard,None,None
Bhugi Bhaji,Potato,Brinjal,Peas,Ginger,None,Onion,Coriander,Red Chilli,Garam Masala,None,None
Besan Cheele,Fenugreek,Ginger,Green chilli,Garlic,Gram flour(Besan),Red Chilli,Turmeric,Coriander,None,None,Curd
Gujarati Methi Muthiya,Fenugreek,Ginger,None,None,Gram flour(Besan),Red Chilli,Coriander,Cumin,Turmeric,None,Curd
Kothmir Wadi,Cilantro(Coriander leaves),Ginger,Green chilli,Lemon juice,Gram flour(Besan),Red Chilli,Turmeric,Sesame seeds,Garam Masala,None,None
Pennsylvania Dutch Pepper Cabbage,Cabbage,Carrot,Celery,None,None,Black Pepper,None,None,None,None,None
Bread Pizza Pocket,Carrot,Sweet corn,Olives,Capsicum,None,Garlic Cloves,Onion,None,None,White Bread,Cheese
Rajasthani Matar Ki Kachori,Peas,Cilantro(Coriander leaves),Green chilli,Ginger,White flour(Maida),Red Chilli,Garam Masala,Bay leaves,Fennel seeds,None,Ghee
Oats Cheela,Tomato,Cilantro(Coriander leaves),Ginger,Mint,Oats,Turmeric,Red Chilli,Onion,Garam Masala,None,None
Dahi Bhindi,Ladyfinger(Okra),Tomato,Onion,Garlic,Gram flour(Besan),Turmeric,Red Chilli,Garam Masala,Coriander,None,Curd
Moong Dal Appam,Potato,Cilantro(Coriander leaves),Ginger,Onion,Moong dal,Turmeric,Red Chilli,Garam Masala,Coriander,None,None
Paneer Bread Rolls,Onion,Garlic,Ginger,Cilantro(Coriander leaves),None,Green Chilli,Red Chilli,Garam Masala,None,White Bread,Paneer(Cottage cheese)
Spinach Corn Momos,Spinach,Sweet corn,Garlic,Mint,White flour(Maida),Coriander,Red Chilli,Garam Masala,Green Chilli,None,Cheese
Batata Vada,Potato,Cilantro(Coriander leaves),Garlic,Green chilli,Gram flour(Besan),Turmeric,Red Chilli,Onion,Mustard,None,None
Middle Eastern Pickled Turnips,Turnip,Beetroot,None,None,None,Bay leaves,Garlic Cloves,None,None,None,None
Besan Curry,Green chilli,Cilantro(Coriander leaves),None,None,Gram flour(Besan),Asafoetida,Garam Masala,Turmeric,Red Chilli,None,Curd
Dal Palak,Spinach,Tomato,Ginger,Garlic,Moong dal,Garam Masala,Turmeric,Red Chilli,Onion,None,None
Roasted Broccoli Chickpea Salad,Broccoli,Olives,Cilantro(Coriander leaves),Lemon juice,Chickpeas(Chhole),Red Chilli,Black Pepper,Garlic Cloves,None,None,None
Baked Feta with Olives,Olives,Tomato,Garlic,None,None,Black Pepper,Parsley,Thyme,Oregano,White Bread,Cheese
Creamy Celery Soup,Celery,Potato,Onion,Garlic,None,Black Pepper,Red Chilli,Dill,Parsley,None,Butter
Soyabean Curry,Soyabean,Garlic,Cilantro(Coriander leaves),None,None,Cumin,Red Chilli,Turmeric,Garam Masala,None,None
Soyabean Cutlets,Soyabean,Potato,Ginger,Garlic,None,Green Chilli,Onion,Coriander,Red Chilli,None,None
Okra Soup,Ladyfinger(Okra),Tomato,Onion,Garlic,Rice,Black Pepper,Red Chilli,Parsley,Thyme,None,Butter
Dhokla,Cilantro(Coriander leaves),Curry leaves,None,None,Gram flour(Besan),Red Chilli,Green Chilli,Mustard,None,None,Curd
Stuffed Mini Dosas,Potato,Capsicum,Onion,Ginger,Moong dal,Red Chilli,Green Chilli,Asafoetida,None,None,Butter
Amritsari Kulcha,Cilantro(Coriander leaves),Potato,Green chilli,None,White flour(Maida),Garam Masala,Red Chilli,Coriander,None,None,Curd
Paneer Kofta,Mint,Onion,Green chilli,Ginger,Gram flour(Besan),Garam Masala,Red Chilli,Coriander,Turmeric,None,Paneer(Cottage cheese)
Lauki Kofta,Bottle Gourd,Tomato,Ginger,Onion,Gram flour(Besan),Garam Masala,Coriander,Red Chilli,Turmeric,None,Butter
Corn pattice,Potato,Sweet corn,Capsicum,Cilantro(Coriander leaves),None,Black Pepper,Cumin,Sesame seeds,Garam Masala,None,None
Poha wada,Potato,Ginger,Onion,Green chilli,Rice,Black Pepper,Cumin,Green Chilli,Garam Masala,None,None
Cabbage chanadal sabji,Cabbage,Ginger,Cilantro(Coriander leaves),Garlic,Chana dal,Red Chilli,Asafoetida,Mustard,Garam Masala,None,None
Mughali Paratha,Carrot,Potato,Cabbage,Onion,Whole wheat flour(Atta),Cumin,Red Chilli,Garam Masala,Coriander,None,Paneer(Cottage cheese)
Garlic fried rice ,Capsicum,Carrot,Cabbage,Onion,Rice,Black Pepper,Cumin,Cloves,Cumin,None,None
Oats dosa ,Green chilli,Onion,Cilantro(Coriander leaves),None,Oats,Red Chilli,Garam Masala,Asafoetida,None,None,Curd
Cheese paratha,Garlic,Cilantro(Coriander leaves),None,None,Whole wheat flour(Atta),Black Pepper,Oregano,None,None,None,Cheese
Dahi bread roll ,Potato,Tomato,Capsicum,Carrot,None,Coriander,Garam Masala,Green Chilli,Garlic Cloves,Whole Wheat Bread,None
Mughali Gobi masala,Cauliflower,Tomato,Garlic,Onion,None,Red Chilli,Turmeric,Coriander,Garam Masala,None,Sour cream
Rice carrot pancake ,Capsicum,Carrot,Potato,Onion,Rice,Red Chilli,Turmeric,Cumin,Garam Masala,None,Curd
Paneer jalfrezi,Tomato,Capsicum,Onion,Broccoli,None,Red Chilli,Turmeric,Garam Masala,Cumin,None,Paneer(Cottage cheese)
Gujarati Khandvi,Ginger,Cilantro(Coriander leaves),Curry leaves,Lemon juice,Gram flour(Besan),Mustard,Turmeric,Green Chilli,None,None,Curd
Vaghareli Roti,Green chilli,Curry leaves,Cilantro(Coriander leaves),None,Whole wheat flour(Atta),Mustard,Turmeric,Asafoetida,Sesame seeds,None,Curd
Vaal Nu Shak,Soyabean,Cilantro(Coriander leaves),None,None,Gram flour(Besan),Turmeric,Red Chilli,Asafoetida,Garam Masala,None,None
Kathiyawadi Dhokli Shaak,Onion,Spring Onion,Green chilli,Ginger,Gram flour(Besan),Red Chilli,Coriander,Turmeric,Cumin,None,Buttermilk
Bajri Methi Dhebra,Fenugreek,Green chilli,None,None,Bajra(Millet Flour),Red Chilli,Coriander,Turmeric,Sesame seeds,None,Curd
Spicy Bajra Roti,Onion,Curry leaves,Cilantro(Coriander leaves),None,Bajra(Millet Flour),Green Chilli,Sesame seeds,None,None,None,None
Baingan Methi,Brinjal,Fenugreek,Tomato,Ginger,None,Turmeric,Red Chilli,Mustard,Garlic Cloves,None,None
Stuffed Spinach Paratha,Spinach,Carrot,Ginger,None,Whole wheat flour(Atta),Coriander,Green Chilli,None,None,None,Paneer(Cottage cheese)
Methi Matar Malai,Fenugreek,Peas,Ginger,Cilantro(Coriander leaves),None,Garlic Cloves,Onion,Green Chilli,Cumin,None,Cream
Paneer Pudina Tikki,Mint,Green chilli,None,None,Corn flour,Garam Masala,None,None,None,None,Paneer(Cottage cheese)
Papad Potato Roll,Potato,Green chilli,Lemon juice,None,Whole wheat flour(Atta),Red Chilli,Garam Masala,Coriander,None,Papad,None
Moyettes (Mexican Style Open Bun),Cabbage,Tomato,Kidney beans(Rajma),Spring Onion,None,Red Chilli,Green Chilli,Coriander,Garlic Cloves,Bun,Cheese
Makki ka Dhokla,Sweet corn,Curry leaves,Ginger,Lemon juice,Corn flour,Turmeric,Mustard,Sesame seeds,None,None,Curd
Bajra Cauliflower Roti,Cauliflower,Cilantro(Coriander leaves),Spring Onion,Garlic,Bajra(Millet Flour),Ginger,Green Chilli,None,None,None,None
Creamed Cabbage with Onion,Cabbage,Onion,Garlic,Lemon juice,None,Black Pepper,None,None,None,None,Cream
Canadian Poutine,Potato,Garlic,None,None,White flour(Maida),Onion,Black Pepper,None,None,None,Cheese
Swedish potatoes with dill cream sauce,Potato,None,None,None,White flour(Maida),Dill,Black Pepper,Nutmeg,None,None,Cream
Norwegian Oatmeal Cookies,None,None,None,None,Oats,Vanilla,Cinnamon,Nutmeg,None,None,Butter
Polish Potato Pancakes,Potato,Carrot,Onion,None,White flour(Maida),Garlic Cloves,Black Pepper,None,None,None,None
Kashmiri Dahi Baingan ,Brinjal,Onion,Garlic,Ginger,None,Green Chilli,Red Chilli,Turmeric,Garam Masala,None,Curd
Mirch Pakoda,Potato,None,None,None,White flour(Maida),Red Chilli,Cumin,Oregano,Garam Masala,None,None
Corn Capsicum Masala,Sweet corn,Capsicum,Tomato,Garlic,None,Cumin,Cinnamon,Cardamom,Garam Masala,None,Paneer(Cottage cheese)
Gobi Manchurian,Cauliflower,Onion,Ginger,Garlic,Corn flour,Green Chilli,None,None,None,None,None
Punjabi Masoor Dal,Tomato,Onion,Cilantro(Coriander leaves),Garlic,Masoor dal,Garam Masala,Turmeric,Ginger,Red Chilli,None,None
Toor Dal,Cilantro(Coriander leaves),Garlic,None,None,Toor dal,Cumin,Turmeric,Red Chilli,Asafoetida,None,None
Urad Dal,Onion,Cilantro(Coriander leaves),Ginger,Garlic,Urad dal,Cumin,Asafoetida,Turmeric,Red Chilli,None,None
Newari Pancakes,Ginger,Garlic,None,None,Masoor dal,Asafoetida,Cumin,Turmeric,None,None,None
Tibetan Potato Curry,Potato,Tomato,Onion,Ginger,None,Red Chilli,Garam Masala,Garlic Cloves,Fenugreek seeds,None,None
Pickled Radish,Radish,Garlic,Ginger,Green chilli,None,Cumin,Coriander,Red Chilli,Mustard,None,None
Mustard Brinjal Curry,Brinjal,Onion,Tomato,Garlic,None,Mustard,Fenugreek seeds,Green Chilli,Garam Masala,None,None
Tibetan Noodle Soup,Carrot,Spinach,Tomato,Cilantro(Coriander leaves),White flour(Maida),Onion,Ginger,Garlic Cloves,Black Pepper,None,None
Welsh Onion Cake,Potato,Onion,None,None,None,Rosemary,Black Pepper,None,None,None,Butter
Bihari Ghugni,Onion,Garlic,Ginger,Lemon juice,Gram(Chana),Green Chilli,Bay leaves,Cinnamon,Garam Masala,None,None
Curried Spinach(Saag),Spinach,Mustard Greens,Cabbage,Cilantro(Coriander leaves),None,Garlic Cloves,Garam Masala,Cumin,Turmeric,None,None
Brazilian Black Beans,Black Beans,Onion,Garlic,Cilantro(Coriander leaves),None,Bay leaves,Black Pepper,Paprika,Oregano,None,None
Dutch Farmer's Cheese Soup,Potato,Carrot,Cauliflower,Onion,None,None,None,None,None,French Bread,Cheese
Sabudana Vada,Potato,Cilantro(Coriander leaves),Ginger,Lemon juice,Sabudana,Green Chilli,Red Chilli,Cumin,None,None,None
Matar ki Puri,Peas,Mint,None,None,Whole wheat flour(Atta),Coriander,Red Chilli,Turmeric,None,None,None
Bitter Gourd Chips,Bitter Gourd,Curry leaves,None,None,Gram flour(Besan),Red Chilli,Turmeric,None,None,None,None
Sweet Potato Chips,Sweet potato,None,None,None,None,Red Chilli,Turmeric,Asafoetida,None,None,None
Mushroom Stuffed Potato Cakes,Potato,Mushrooms,Onion,Lemon juice,White flour(Maida),Garlic Cloves,Dill,Red Chilli,Black Pepper,None,None
Veggie Croquettes,Potato,Carrot,Capsicum,Spinach,White flour(Maida),Onion,Garlic Cloves,None,None,White Bread,Butter
Masala Jowar Roti,Cilantro(Coriander leaves),Cucumber,Onion,Curry leaves,Jowar Flour,Sesame seeds,Cumin,None,None,None,None
Onion Masala Buns,Onion,Garlic,Green chilli,Cilantro(Coriander leaves),White flour(Maida),Cumin,Paprika,None,None,None,Milk
Roasted Cauliflower Steaks,Cauliflower,Garlic,None,None,None,Parsley,Black Pepper,Paprika,None,None,None
Beetroot Raita,Beetroot,Green chilli,Curry leaves,None,None,Red Chilli,Mustard,Cumin,None,None,Curd
Baked Nippattu,Onion,Green chilli,Cilantro(Coriander leaves),None,Whole wheat flour(Atta),Sesame seeds,None,None,None,None,Butter
Gujarati Khichu(Steamed Rice Flour Savory Donuts),Ginger,Green chilli,None,None,Rice Flour,Cumin,Oregano,None,None,None,None
Baked Methi Mathri,Fenugreek,None,None,None,Whole wheat flour(Atta),Red Chilli,Turmeric,Sesame seeds,Oregano,None,Ghee
Pumpkin Bread,Pumpkin,None,None,None,White flour(Maida),Flax Seeds,Cinnamon,Nutmeg,Cloves,None,Milk
Tomato Raita,Tomato,Curry leaves,Green chilli,None,Chana dal,Mustard,Cumin,Asafoetida,Turmeric,None,Curd
Onion Mint Sandwich,Onion,Mint,None,None,Urad dal,Red Chilli,Garam Masala,Turmeric,None,Whole Wheat Bread,Ghee
Crispy Fennel Seed Flatbread Crackers,Lemon juice,None,None,None,White flour(Maida),Fennel seeds,Poppy seeds,Sesame seeds,Black Pepper,None,None
Makki Di Roti,Fenugreek,None,None,None,Corn flour,Oregano,Turmeric,None,None,None,Ghee
Bajra Khichu with Masala Dahi,Green chilli,Curry leaves,None,None,Bajra(Millet Flour),Red Chilli,Garam Masala,Cumin,Coriander,None,Curd
Onion and Spinach Pakoras,Onion,Spinach,Ginger,Green chilli,Gram flour(Besan),Asafoetida,Red Chilli,Fennel seeds,Garam Masala,None,None
Sweet Corn Vada,Sweet corn,Spring Onion,Garlic,Cilantro(Coriander leaves),Rice Flour,Ginger,Green Chilli,Red Chilli,None,None,None
Sweet Potato Masala Puri,Sweet potato,Cilantro(Coriander leaves),Lemon juice,None,Whole wheat flour(Atta),Red Chilli,Asafoetida,Kasoori Methi,Garam Masala,None,None
Lettuce and Pea Soup,Lettuce,Peas,None,None,None,Black Pepper,Dill,Asafoetida,None,None,None
Spicy Cheesy Swirl Buns with Potato-Bell Pepper Masala ,Potato,Capsicum,Onion,None,White flour(Maida),Flax Seeds,Red Chilli,Garam Masala,Cumin,None,None
Corn and Capsicum Tikki,Sweet corn,Capsicum,None,None,Rice Flour,Green Chilli,None,None,None,None,None
Icelandic Vegetable and Oat Soup,Potato,Carrot,Cauliflower,Celery,Oats,Bay leaves,Onion,Garlic Cloves,None,None,None
Gujarati Masala Bhakri,None,None,None,None,Whole wheat flour(Atta),Red Chilli,Turmeric,Cumin,None,None,None
Vegetarian French Onion Soup,Onion,Garlic,None,None,None,Bay leaves,Thyme,Black Pepper,None,French Bread,Cheese
Cabbage Vada,Cabbage,Cilantro(Coriander leaves),Green chilli,Mint,Rice Flour,Ginger,Red Chilli,Garam Masala,None,None,None
Rajasthani Mirchi Vada,Potato,Ginger,Green chilli,None,Gram flour(Besan),Red Chilli,Turmeric,Garam Masala,Oregano,None,None
Dahi ke Kabab,Cilantro(Coriander leaves),Onion,None,None,Gram flour(Besan),Green Chilli,Ginger,Garam Masala,None,Whole Wheat Bread,Curd
Makai Galouti Kabab,Sweet corn,Potato,Onion,Ginger,Whole wheat flour(Atta),Green Chilli,Garam Masala,Turmeric,Coriander,Whole Wheat Bread,Paneer(Cottage cheese)
Bengali Matar Kachori,Peas,Green chilli,Ginger,None,Gram flour(Besan),Cumin,Garam Masala,Cardamom,Asafoetida,None,Ghee
Onion Bhajis,Onion,Cilantro(Coriander leaves),Green chilli,Lemon juice,Gram flour(Besan),Cumin,Turmeric,Garam Masala,None,None,None
Sweet Potato Corn Cakes,Sweet potato,Sweet corn,Cilantro(Coriander leaves),Onion,Corn flour,Garlic Cloves,Cayenne Peppers,Cumin,None,White Bread,Curd
Beetroot Rice,Beetroot,Cilantro(Coriander leaves),Mint,Onion,Rice,Green Chilli,Ginger,Red Chilli,Garam Masala,None,None
Spinach Puri,Spinach,Green chilli,None,None,Whole wheat flour(Atta),Fennel seeds,None,None,None,None,None
Tomato Puri,Tomato,None,None,None,Whole wheat flour(Atta),Red Chilli,Oregano,Garam Masala,Kasoori Methi,None,None
Hare Matar ki Puri,Peas,Green chilli,Lemon juice,None,Whole wheat flour(Atta),Cumin,Garam Masala,None,None,None,Curd
Mint and Masoor Tikki,Mint,Ginger,Green chilli,None,Masoor dal,None,None,None,None,Whole Wheat Bread,Paneer(Cottage cheese)
Besan Bread Toast,Cilantro(Coriander leaves),Green chilli,Onion,None,Gram flour(Besan),Black Pepper,Red Chilli,Turmeric,Oregano,White Bread,None
Saffron Rice,Cilantro(Coriander leaves),None,None,None,Rice,Saffron,Mustard,Turmeric,Black Pepper,None,None
Mint Hummus,Mint,Garlic,Lemon juice,None,Chickpeas(Chhole),Sesame seeds,None,None,None,None,None
Steamed Lentil Dumplings,Green chilli,Curry leaves,Ginger,None,Chana dal,Coriander,Dill,Asafoetida,Cumin,None,None
Kala Chana Kabab,Cilantro(Coriander leaves),Green chilli,Onion,Ginger,Gram(Chana),Garam Masala,Red Chilli,Garlic Cloves,None,None,None
Jowar Pancakes,Onion,Cucumber,Green chilli,None,Jowar Flour,Turmeric,Coriander,None,None,None,Curd
Sesame Fingers,Celery,Potato,Spring Onion,Capsicum,White flour(Maida),Sesame seeds,Red Chilli,None,None,White Bread,None
Cheesy Spring Onion Fingers,Spring Onion,Carrot,Cabbage,Tomato,None,Green Chilli,None,None,None,White Bread,Cheese
Rice and Dhaniya Mathri,Cilantro(Coriander leaves),None,None,None,Rice Flour,Red Chilli,Oregano,None,None,None,Ghee
Crispy Eggless Pinwheels,Potato,Onion,Green chilli,None,None,Red Chilli,Oregano,Thyme,Garam Masala,Whole Wheat Bread,Cheese
Paneer Bhurji,Tomato,Onion,Green chilli,Cilantro(Coriander leaves),None,Garlic Cloves,Red Chilli,Garam Masala,Turmeric,None,Paneer(Cottage cheese)
Broccoli and Carrot Paratha,Broccoli,Carrot,Cilantro(Coriander leaves),Ginger,Whole wheat flour(Atta),Red Chilli,Cumin,Mustard,None,None,None
Mooli Jowar ki Roti,Radish,Ginger,Garlic,None,Jowar Flour,Red Chilli,None,None,None,None,Curd
Broccoli Masala Stir Fry,Broccoli,Green chilli,Onion,Garlic,Gram flour(Besan),Red Chilli,Cumin,Turmeric,Asafoetida,None,None
Dahi Papad Sabzi,Onion,Green chilli,Ginger,Garlic,None,Turmeric,Garam Masala,Kasoori Methi,Mustard,Papad,Curd
Vegan Mushroom Stroganoff,Mushrooms,Onion,Garlic,Soyabean,Corn flour,Red Chilli,Black Pepper,Paprika,Thyme,None,Cream
Capsicum Besan Sabzi,Capsicum,Green chilli,Cilantro(Coriander leaves),None,Gram flour(Besan),Fennel seeds,Asafoetida,Mustard,Turmeric,None,None
Methi Mushroom Curry,Fenugreek,Mushrooms,Tomato,Garlic,None,Ginger,Onion,Red Chilli,Garam Masala,None,None
Onion Bhakri,Onion,Green chilli,Cilantro(Coriander leaves),None,Rawa(Semolina),Turmeric,None,None,None,None,Ghee
Spinach and Feta Gozleme,Spinach,Onion,Garlic,None,White flour(Maida),Red Chilli,None,None,None,None,Cheese
Creamy Cucumber and Dill Salad,Cucumber,Onion,Garlic,Lemon juice,None,Dill,Black Pepper,None,None,None,Curd
Vegetable Au Gratin,Capsicum,Tomato,Carrot,Broccoli,White flour(Maida),Garlic Cloves,Bay leaves,Black Pepper,Oregano,None,Cheese
Sweet Potatoes stuffed with Quinoa and Spinach,Sweet potato,Spinach,Garlic,None,None,Quinoa,Black Pepper,Flax Seeds,None,None,Cheese
Potatoes au Gratin,Potato,Leek,None,None,None,Thyme,Red Chilli,Black Pepper,Dill,None,Cream
Roasted Fennel and Potato Soup,Potato,Fennel Bulbs,Onion,None,None,Black Pepper,None,None,None,None,Milk
Fennel Slaw with Mint Vinaigrette,Fennel Bulbs,Mint,Onion,Lemon juice,None,Mustard,None,None,None,None,None
Creamed Fennel and Cauliflower Soup,Cauliflower,Fennel Bulbs,Onion,None,None,Garlic Cloves,Black Pepper,None,None,None,Milk
Garlic Herb Foccacia Bread ,Garlic,None,None,None,White flour(Maida),Basil,Thyme,Rosemary,Black Pepper,None,None
Chermoula Sauce,Cilantro(Coriander leaves),Garlic,Lemon juice,None,None,Cumin,Coriander,Paprika,Parsley,None,None
White Bean Soup with Broccoli,White Beans,Broccoli,Onion,None,None,Garlic Cloves,Black Pepper,None,None,None,Cream
Irish Potato and Leek Soup,Potato,Leek,Onion,None,None,Thyme,Dill,Black Pepper,None,None,Cream
Creamy Asparagus Soup,Asparagus,Onion,Lemon juice,None,None,Garlic Cloves,Black Pepper,None,None,None,Cream
Nepali Aloo Achar,Potato,Cilantro(Coriander leaves),Ginger,Lemon juice,None,Red Chilli,Turmeric,Asafoetida,Fenugreek seeds,None,None
Sooji Potato Pancake,Potato,Spring Onion,Carrot,None,Rawa(Semolina),Black Pepper,None,None,None,None,Ghee
Aloo and Green Peas Stuffed Tarts,Potato,Peas,Green chilli,Ginger,White flour(Maida),Red Chilli,Coriander,Garam Masala,Cumin,None,None
Mushroom Bourguinon,Mushrooms,Carrot,Onion,Tomato,None,Garlic Cloves,Thyme,Black Pepper,Bay leaves,None,None
Vegan Black Bean Soup,Black Beans,Carrot,Onion,Garlic,None,Basil,Black Pepper,Oregano,Cumin,None,None
Black Bean and Mushroom Burger Pattice,Black Beans,Mushrooms,Spinach,Carrot,Oats,Garlic Cloves,Cumin,None,None,None,None
Roasted Capsicum Raita,Capsicum,Cilantro(Coriander leaves),None,None,None,Red Chilli,Mustard,Cumin,None,None,Curd
Chawal ki Roti,Garlic,Ginger,None,None,Rice Flour,Green Chilli,None,None,None,None,Curd
Sweet Potato Curry,Sweet potato,Capsicum,Spinach,Onion,Chickpeas(Chhole),Garlic Cloves,Garam Masala,None,None,None,Milk
Cabbage Carrot Sprouts Stirfry,Cabbage,Carrot,Green chilli,None,Moong dal,Asafoetida,Cumin,Red Chilli,Turmeric,None,None
Jalapeno Ranch,Jalapenos,Garlic,None,None,None,Dill,Onion,Black Pepper,Parsley,None,Curd
Broccoli Quinoa Cakes,Broccoli,Spring Onion,None,None,Whole wheat flour(Atta),Quinoa,Garlic Cloves,Black Pepper,None,None,Cheese
Maharashtrian Style Takatla Palak (Spinach Curry),Spinach,Green chilli,Garlic,None,Chana dal,Asafoetida,Cumin,Mustard,Turmeric,None,Curd
Zucchini Tortilla,Zucchini,Garlic,None,None,White flour(Maida),Black Pepper,Cumin,None,None,White Bread,Cheese
Quick Pickled Celery,Celery,Onion,Garlic,None,None,Bay leaves,Dill,Mustard,Black Pepper,None,None
Celery Leaf Pesto,Celery,Garlic,Lemon juice,None,None,Parsley,Sunflower Seeds,None,None,None,Cheese
Cheesy Asparagus Cassarole,Asparagus,Onion,Garlic,None,None,Red Chilli,Black Pepper,Parsley,None,None,Cheese
Creamy Asparagus Rice,Asparagus,Onion,Garlic,None,Rice,Basil,Parsley,Black Pepper,None,None,Cream
Braised Leeks,Leek,Garlic,Lemon juice,None,None,Black Pepper,None,None,None,None,Butter
Chimichurri Sauce,Cilantro(Coriander leaves),Onion,Garlic,Lemon juice,None,Parsley,Oregano,Red Chilli,None,None,None
Zucchini Fritters,Zucchini,Spring Onion,Mint,Lemon juice,Whole wheat flour(Atta),Dill,Garlic Cloves,Black Pepper,None,None,Cheese
Corn Chowder,Sweet corn,Celery,Cilantro(Coriander leaves),Potato,White flour(Maida),Onion,Parsley,Paprika,Red Chilli,None,Milk
Cilantro Jalapeno Sauce,Cilantro(Coriander leaves),Jalapenos,Lemon juice,None,None,Garlic Cloves,Black Pepper,None,None,None,Cream
Tomato Chips,Tomato,Capsicum,Lemon juice,None,None,Oregano,Red Chilli,Paprika,Sunflower Seeds,None,None
Oven Roasted Garlic Parmesan Brussels Sprouts,Brussels Sprouts,Garlic,None,None,None,Black Pepper,None,None,None,None,Cheese
Cauliflower Pakoda,Cauliflower,Garlic,Ginger,Cilantro(Coriander leaves),Gram flour(Besan),Turmeric,Garam Masala,Red Chilli,None,None,None
Lehsun Methi Raita,Garlic,Fenugreek,None,None,None,Red Chilli,Garam Masala,Cumin,None,None,Curd
Oven Baked Zucchini Chips,Zucchini,Garlic,None,None,None,Black Pepper,Cayenne Peppers,None,None,Whole Wheat Bread,Cheese
Roasted Cauliflower Hummus,Cauliflower,Garlic,Lemon juice,None,None,Sesame seeds,Black Pepper,Cumin,None,None,None
Tandoori Garlic Roti,Cilantro(Coriander leaves),Garlic,None,None,Whole wheat flour(Atta),Nigella Seeds,None,None,None,None,Buttermilk
Dudhi Jowar Dhebra,Bottle Gourd,Green chilli,Ginger,None,Jowar Flour,Turmeric,Sesame seeds,None,None,None,Curd
Colcannon (Mashed potatoes with Cabbage),Potato,Cabbage,Onion,Garlic,None,Black Pepper,None,None,None,None,Milk
Potato Tacos,Potato,Cilantro(Coriander leaves),Garlic,None,Corn flour,Black Pepper,Cumin,None,None,None,Cheese
Roasted Garlic and Rosemary White Bean Dip,Garlic,White Beans,Lemon juice,None,None,Rosemary,Black Pepper,None,None,None,None
Pea Fritters,Peas,Spring Onion,None,None,White flour(Maida),Parsley,Black Pepper,None,None,None,Cheese
Lemon Quinoa,Lemon juice,Curry leaves,Ginger,None,Chana dal,Quinoa,Red Chilli,Mustard,Asafoetida,None,None
Braised Artichokes,Artichoke,Garlic,Lemon juice,None,Corn flour,Black Pepper,Red Chilli,None,None,None,None
Artichoke Salad,Artichoke,Olives,Tomato,Lemon juice,None,Garlic Cloves,Oregano,Onion,Black Pepper,None,None
Spinach and Artichoke Stuffed Potatoes,Potato,Spinach,Artichoke,Garlic,None,Black Pepper,None,None,None,None,Cheese
Brocccoli and Red Capsicum Dip,Broccoli,Capsicum,Celery,Garlic,None,Green Chilli,Onion,None,None,None,Cheese
Carrot Chips,Carrot,None,None,None,None,Cinnamon,Cumin,None,None,None,None
Curried Corn with Spinach ,Spinach,Sweet corn,Tomato,Onion,None,Ginger,Garlic Cloves,Garam Masala,Red Chilli,None,Cream
Sabudana Khichdi,Potato,Green chilli,None,None,Sabudana,Flax Seeds,Sesame seeds,Cumin,None,None,None
Curd Quinoa,Carrot,Cilantro(Coriander leaves),None,None,Urad dal,Quinoa,Asafoetida,Sesame seeds,Mustard,None,Curd
Moong and Mushroom Curry,Mushrooms,Tomato,Onion,Curry leaves,Moong dal,Ginger,Turmeric,Mustard,Red Chilli,None,None
Gujarati Kadhi,Curry leaves,Ginger,Green chilli,None,Gram flour(Besan),Red Chilli,Mustard,Fenugreek seeds,Asafoetida,None,Curd
Sri Lankan Beetroot Curry ,Beetroot,Curry leaves,Onion,Green chilli,None,Garlic Cloves,Turmeric,Coriander,Cumin,None,Milk
Beetroot Hummus,Beetroot,Garlic,Lemon juice,None,Chickpeas(Chhole),Sesame seeds,Parsley,Cumin,None,None,None
Garlic Roasted Turnips,Turnip,Garlic,Spring Onion,None,None,Onion,Black Pepper,Parsley,Dill,None,Butter
Radish Curry,Radish,Curry leaves,Onion,Cilantro(Coriander leaves),None,Green Chilli,Red Chilli,Mustard,Turmeric,None,None
Mashed Turnips,Turnip,Spring Onion,None,None,None,Nutmeg,Black Pepper,None,None,None,Cream
Carrot and Turnip Casserole,Carrot,Turnip,Lemon juice,None,None,Onion,Garlic Cloves,Basil,Black Pepper,None,Butter
Mushroom Matar,Mushrooms,Peas,Tomato,Garlic,None,Onion,Red Chilli,Turmeric,Garam Masala,None,Cream
"Zucchini, Bell Pepper and Moong Dal Salad",Zucchini,Capsicum,Tomato,Lemon juice,Moong dal,Black Pepper,None,None,None,None,None
"Nepali Potato, Tomato and Pea Curry",Potato,Tomato,Peas,Ginger,None,Onion,Green Chilli,Coriander,Turmeric,None,None
Eggplant and Red Pepper Tarine,Brinjal,Capsicum,Tomato,None,None,Garlic Cloves,Parsley,Black Pepper,None,None,Cheese
Dill and Celery Salad,Celery,Olives,Cilantro(Coriander leaves),Lemon juice,None,Dill,Parsley,Sunflower Seeds,None,None,None
Karela and Peas,Bitter Gourd,Peas,Potato,Tomato,None,Ginger,Garlic Cloves,Asafoetida,Garam Masala,None,None
Tindora ki Sabzi (Ivy Gourd),Ivy Gourd (Tendli),Tomato,Cilantro(Coriander leaves),Onion,None,Red Chilli,Turmeric,Garam Masala,Asafoetida,None,None
Andhra Ivy Gourd Pickle,Ivy Gourd (Tendli),Curry leaves,None,None,None,Asafoetida,Red Chilli,Fenugreek seeds,Turmeric,None,None
Kundru Chutney (Ivy Gourd Chutney),Ivy Gourd (Tendli),Cilantro(Coriander leaves),Curry leaves,Green chilli,Chana dal,Red Chilli,Mustard,Cumin,Asafoetida,None,None
Arbi Chips,Colocasia,Lemon juice,None,None,None,Black Pepper,Red Chilli,Cumin,None,None,None
Cucumber Cheddar Chips,Cucumber,Garlic,None,None,None,Onion,Black Pepper,None,None,None,Cheese
Vegan Fajitas,Mushrooms,Capsicum,Onion,Garlic,White flour(Maida),Red Chilli,Black Pepper,Paprika,Cumin,None,None
Soya Kheema Matar,Soyabean,Peas,Onion,Ginger,None,Red Chilli,Turmeric,Garam Masala,Fennel seeds,None,None
Dill Leaves Sabzi,Green chilli,Garlic,None,None,Moong dal,Dill,Cumin,Turmeric,Asafoetida,None,None
Yam Fry,Yam,Curry leaves,None,None,Urad dal,Turmeric,Red Chilli,Garam Masala,Mustard,None,None
Creamy Roasted Yam Soup,Yam,Garlic,Onion,None,None,Black Pepper,Cayenne Peppers,Cumin,None,None,Cream
Millet Yam Cakes,Yam,Garlic,None,None,Bajra(Millet Flour),Parsley,Rosemary,Black Pepper,None,None,Curd
Drumstick Soup,Drumsticks,Cilantro(Coriander leaves),Onion,Garlic,None,Black Pepper,Cumin,None,None,None,Ghee
Drumstick Curry,Drumsticks,Potato,Tomato,Onion,None,Garlic Cloves,Mustard,Cumin,Black Pepper,None,None
Olive Tapenade,Olives,Tomato,Garlic,Lemon juice,None,Oregano,Parsley,Black Pepper,None,None,None
Cluster Beans Curry,Cluster Beans(Gavar),Curry leaves,None,None,Toor dal,Mustard,Turmeric,Black Pepper,Red Chilli,None,Milk
Blended Chana and Cluster Beans Curry,Cluster Beans(Gavar),Curry leaves,Onion,Green chilli,Chana dal,Mustard,Cumin,None,None,None,None
Vegan Spring Onion Soup,Spring Onion,Potato,Lemon juice,None,None,Garlic Cloves,Black Pepper,None,None,White Bread,None
Mushroom and Spring Onion Dumplings,Mushrooms,Spring Onion,Ginger,None,White flour(Maida),Cumin,Red Chilli,Black Pepper,None,None,None
"Roasted Spring Onions with Dill, Butter and Lemon",Spring Onion,Lemon juice,None,None,None,Dill,Black Pepper,None,None,None,Butter
Spring Onion Pakoda,Spring Onion,Green chilli,Ginger,None,Gram flour(Besan),Red Chilli,Turmeric,Garam Masala,None,None,None
Okroshka (Russian Summer Soup),Potato,Cucumber,Mint,Radish,None,Dill,Mustard,Black Pepper,Flax Seeds,None,Buttermilk
Vada Pav,Potato,Garlic,Ginger,Curry leaves,Gram flour(Besan),Asafoetida,Mustard,Green Chilli,Turmeric,Bun,None