code,name,regn,water,protcnt,ash,fatce,fibtg,fibins,fibsol,choavldf,enerc,fasat,fams,fapu,lactose,ca,ergcal,chocal,fe,glus,oxalt,citac,vitc,category
A001,"Amaranth seed, black (Amaranthus cruentus)",1,9.89,14.59,2.78,5.74,7.02,5.76,1.26,59.98,1490,1280,1033,2279,0,181,58.67,0,9.33,0.22,226,8.64,0,Grains
A002,"Amaranth seed, pale brown (Amaranthus cruentus)",6,9.2,13.27,3.05,5.56,7.47,5.8,1.67,61.46,1489,1140,1043,2266,0,162,53.98,0,8.02,0.22,209,7.93,0,Grains
A003,Bajra (Pennisetum typhoideum),6,8.97,10.96,1.37,5.43,11.49,9.14,2.34,61.78,1456,875,1047,1984,0,27.35,5.65,0,6.42,0.6,53.13,0,0,Grains
A004,Barley (Hordeum vulgare),6,9.77,10.94,1.06,1.3,15.64,9.98,5.66,61.29,1321,232,90.79,575,0,28.64,0,0,1.56,0.06,10.98,0,0,Grains
A005,Jowar (Sorghum vulgare),6,9.01,9.97,1.39,1.73,10.22,8.49,1.73,67.68,1398,163,314,524,0,27.6,3.96,0,3.95,0.1,28.38,0,0,Grains
A006,"Maize, dry (Zea mays)",6,9.26,8.8,1.17,3.77,12.24,11.29,0.94,64.77,1398,413,706,1606,0,8.91,33.6,0,2.49,0.8,15.26,0,0,Grains
A007,"Maize, tender, local (Zea mays)",6,68.29,3.57,0.38,1.4,3.67,3.23,0.43,22.69,502,109,147,347,0,6.35,42.34,0,0.71,0.8,5.2,0,4.26,Grains
A008,"Maize, tender, sweet (Zea mays)",4,74.4,4.16,0.36,1.35,3.3,2.71,0.59,16.42,405,123,176,300,0,6.37,16.94,0,0.54,0.97,1.67,0,5.72,Grains
A009,Quinoa (Chenopodium quinoa),1,10.43,13.11,2.65,5.5,14.66,10.21,4.46,53.65,1374,570,1424,2406,0,198,0,0,7.51,1.41,82.94,0,0,Grains
A010,Ragi (Eleusine coracana),5,10.89,7.16,2.04,1.92,11.18,9.51,1.67,66.82,1342,317,585,431,0,364,41.46,0,4.62,0.25,39.58,0,0,Grains
A011,Rice flakes (Oryza sativa),6,10.36,7.44,0.85,1.14,3.46,2.65,0.81,76.75,1480,284,425,577,0,9.19,0,0,4.46,0.2,10.97,0,0,Grains
A012,Rice puffed (Oryza sativa ),6,9.4,7.47,1.28,1.62,2.56,1.76,0.8,77.68,1514,46.84,39.77,44.8,0,15.09,0,0,4.55,0.49,6.27,0,0,Grains
A013,"Rice, raw, brown (Oryza sativa )",6,9.33,9.16,1.04,1.24,4.43,3.6,0.82,74.8,1480,346,203,506,0,10.93,0,0,1.02,0.55,12.06,0,0,Grains
A014,"Rice, parboiled, milled (Oryza sativa )",6,10.09,7.81,0.65,0.55,3.74,2.98,0.76,77.16,1471,150,86.66,216,0,8.11,0,0,0.72,0.51,5.02,0,0,Grains
A015,"Rice, raw, milled (Oryza sativa )",6,9.93,7.94,0.56,0.52,2.81,1.99,0.82,78.24,1491,184,117,253,0,7.49,0,0,0.65,0.54,1.92,0,0,Grains
A016,Samai (Panicum miliare),6,11.36,10.13,1.34,3.89,7.72,5.45,2.27,65.55,1449,589,868,1277,0,16.06,3.75,0,1.26,0.24,6.74,0,0,Grains
A017,Varagu (Setaria italica),5,14.23,8.92,1.72,2.55,6.39,4.29,2.11,66.19,1388,246,297,597,0,15.27,0,0,2.34,0.89,3.48,0,0,Grains
A018,"Wheat flour, refined (Triticum aestivum)",6,11.34,10.36,0.51,0.76,2.76,2.14,0.62,74.27,1472,98.55,50.64,343,0,20.4,6.73,0,1.77,0.75,20.22,0,0,Grains
A019,"Wheat flour, atta (Triticum aestivum)",6,11.1,10.57,1.28,1.53,11.36,9.73,1.63,64.17,1340,206,149,742,0,30.94,13.43,0,4.1,0.78,52.38,0,0,Grains
A020,"Wheat, whole (Triticum aestivum)",6,10.58,10.59,1.42,1.47,11.23,9.63,1.6,64.72,1347,191,141,654,0,39.36,17.49,0,3.97,0.73,52.46,0,0,Grains
A021,"Wheat, bulgur (Triticum aestivum)",6,8.61,10.84,1.23,1.45,8.81,6.56,2.25,69.06,1430,196,152,700,0,27.09,6.27,0,3.86,0.55,40.23,0,0,Grains
A022,"Wheat, semolina (Triticum aestivum)",6,8.94,11.38,0.8,0.74,9.72,8.16,1.55,68.43,1396,88.87,67.34,325,0,29.38,8.19,0,2.98,0.55,28.43,0,0,Grains
A023,"Wheat, vermicelli (Triticum aestivum)",6,9.59,9.7,0.6,0.45,9.28,7.53,1.75,70.39,1392,64.59,36.06,220,0,19.42,4.06,0,2.02,0.58,23.84,0,0,Grains
A024,"Wheat, vermicelli, roasted (Triticum aestivum)",6,7.61,10.37,0.56,0.49,9.55,7.79,1.76,71.42,1423,49.95,28.84,170,0,22.63,3.21,0,2.09,1.01,21.91,0,0,Grains
B001,"Bengal gram, dal (Cicer arietinum)",6,9.18,21.55,2.1,5.31,15.15,12.67,2.48,46.72,1377,469,876,2476,0,46.32,1.75,0,6.08,0.1,6.49,0,0,Legumes
B002,"Bengal gram, whole (Cicer arietinum)",6,8.56,18.77,2.78,5.11,25.22,22.7,2.52,39.56,1201,453,890,2337,0,150,1.93,0,6.78,0.1,7.14,0,0,Legumes
B003,"Black gram, dal (Phaseolus mungo)",6,9.16,23.06,3.17,1.69,11.93,7.58,4.35,51,1356,276,186,742,0,55.67,8.42,0,4.67,0.2,43.78,0,0,Legumes
B004,"Black gram, whole (Phaseolus mungo)",6,8.7,21.97,3.35,1.58,20.41,15.47,4.94,43.99,1219,258,161,718,0,86.18,16.84,0,5.97,0.1,56.25,0,0,Legumes
B005,"Cowpea, brown (Vigna catjang)",6,9.42,20.36,2.9,1.15,11.54,8.75,2.8,54.62,1340,283,60.58,550,0,81.73,0.92,0,5.9,0.61,14.34,0,0,Legumes
B006,"Cowpea, white (Vigna catjang)",1,9.32,21.25,2.83,1.14,11.7,8.91,2.79,53.77,1340,285,70.12,557,0,84.1,0.93,0,5.04,0.39,17.23,0,0,Legumes
B007,"Field bean, black (Phaseolus vulgaris)",1,9.57,19.93,2.73,0.92,23.4,17.99,5.41,43.46,1155,188,80.07,468,0,78.16,4.35,0,4.5,0.53,1.28,0,0,Legumes
B008,"Field bean, brown (Phaseolus vulgaris)",1,8.74,19.9,2.74,0.98,22.4,17.32,5.08,45.24,1184,198,127,460,0,75.2,4.24,0,4.99,0.29,1.26,0,0,Legumes
B009,"Field bean, white (Phaseolus vulgaris)",5,8.61,19.84,3.09,0.94,22.99,17.45,5.54,44.53,1173,186,61.57,503,0,77.24,4.26,0,5.5,0.41,1.23,0,0,Legumes
B010,"Green gram, dal (Phaseolus aureus)",6,9.77,23.88,3.04,1.35,9.37,7.75,1.62,52.59,1363,247,35.85,534,0,43.13,2.05,0,3.93,0.3,2.46,0,0,Legumes
B011,"Green gram, whole (Phaseolus aureus)",6,9.95,22.53,3.22,1.14,17.04,14.59,2.44,46.13,1229,274,27.22,611,0,92.43,3.15,0,4.89,0.14,12.29,0,0,Legumes
B012,"Horse gram, whole (Dolicus biflorus)",6,9.28,21.73,3.24,0.62,7.88,6.22,1.66,57.24,1379,135,68.89,258,0,269,1.8,0,8.76,0.15,181,0,0,Legumes
B013,Lentil dal (Lens culinaris),6,9.71,24.35,2.23,0.75,10.43,8.6,1.83,52.53,1349,91.02,112,336,0,44.32,1.31,0,7.06,0.3,10.46,0,0,Legumes
B014,"Lentil whole, brown (Lens culinaris)",6,9.2,22.49,2.39,0.64,16.82,14.16,2.66,48.47,1251,81.22,102,277,0,76.13,14.52,0,7.57,0.15,10.74,0,0,Legumes
B015,"Lentil whole, yellowish (Lens culinaris)",2,9.75,22.87,2.2,0.61,16.66,14.15,2.51,47.91,1246,76.17,92.18,274,0,76.66,17.68,0,7.91,0.23,13.88,0,0,Legumes
B016,Moth bean (Vigna aconitifolia),6,8.14,19.75,3.14,1.76,15.12,14.5,0.62,52.09,1291,434,72.25,848,0,154,9.77,0,7.9,0.62,36.11,0,0,Legumes
B017,"Peas, dry (Pisum sativum)",6,9.33,20.43,2.41,1.89,17.01,14.55,2.47,48.93,1269,242,398,873,0,75.11,15.21,0,5.09,0.48,8.89,0,0,Legumes
B018,"Rajmah, black (Phaseolus vulgaris)",2,8.69,19.01,3.35,1.62,17.74,15.16,2.58,49.59,1247,238,105,927,0,134,27.98,0,6.17,0.18,48.66,0,0,Legumes
B019,"Rajmah, brown (Phaseolus vulgaris)",6,9.68,19.5,3.36,1.68,16.95,14.33,2.62,48.83,1245,242,91.76,896,0,134,25.82,0,6.3,0.39,43.41,0,0,Legumes
B020,"Rajmah, red (Phaseolus vulgaris)",3,9.87,19.91,3.28,1.77,16.57,13.86,2.7,48.61,1252,256,87.84,931,0,126,26.73,0,6.13,0.23,41.44,0,0,Legumes
B021,"Red gram, dal (Cajanus cajan)",6,9.2,21.7,3.26,1.56,9.06,6.67,2.39,55.23,1384,257,89.94,651,0,71.73,2.12,0,3.9,0.2,1.41,0,0,Legumes
B022,"Red gram, whole (Cajanus cajan)",6,9.3,20.47,3.53,1.38,22.84,19.69,3.15,42.48,1146,277,78.55,637,0,139,2.78,0,5.37,0.2,1.65,0,0,Legumes
B023,Ricebean (Vigna umbellata ),1,11.12,19.97,3.54,0.74,13.37,10.04,3.33,51.26,1265,172,357,62.93,0,200,8.26,0,4.76,0.73,391,0,1.11,Legumes
B024,"Soya bean, brown (Glycine max)",6,5.51,35.58,4.74,19.82,21.55,16.56,5,12.79,1596,3092,4558,11279,0,239,66.22,0,8.29,0.63,122,0,0,Legumes
B025,"Soya bean, white (Glycine max)",1,5.47,37.8,4.52,19.42,22.63,17.04,5.59,10.16,1579,3002,4817,11071,0,195,69.81,0,8.22,0.56,119,0.08,0,Legumes
C001,Agathi leaves (Sesbania grandiflora),1,74.43,8.01,2.42,1.35,8.6,6,2.6,5.21,295,490,57.67,532,0,901,4.02,0,4.36,0.1,179,2.46,121,Vegetables
C002,"Amaranth leaves, green (Amaranthus gangeticus)",6,86.85,3.29,2.52,0.65,4.41,3.21,1.2,2.28,128,194,48.87,358,0,330,16.01,0,4.64,0.19,779,2.7,83.54,Vegetables
C003,"Amaranth leaves, red (Amaranthus gangeticus)",1,85.56,3.93,2.61,0.63,4.91,3.72,1.19,2.37,140,210,47.34,326,0,245,15.1,0,7.25,0.04,823,2.79,86.2,Vegetables
C004,"Amaranth leaves, red and green mix (Amaranthus gangeticus)",4,86.37,3.09,2.55,0.53,4.6,3.23,1.37,2.87,132,197,46.59,332,0,269,15.25,0,5.28,0.12,676,2.76,77.24,Vegetables
C005,"Amaranth spinosus, leaves, green (Amaranthus spinosus)",4,86.46,3.54,2.94,0.36,5.1,3.89,1.2,1.61,110,85.13,16.46,186,0,359,15.23,0,6.37,0.13,1073,2.58,82.56,Vegetables
C006,"Amaranth spinosus, leaves, red and green mix (Amaranthus spinosus)",2,86.64,2.8,3.2,0.34,5.57,3.82,1.75,1.45,99,85.96,17.77,168,0,372,15.04,0,4.58,0.12,1045,2.52,77.3,Vegetables
C007,Basella leaves (Basella alba),2,92.68,1.57,1.09,0.45,2.21,1.64,0.57,2.01,82,101,51.28,203,0,93.89,9.18,0,4.2,0.01,170,8.18,63.35,Vegetables
C008,Bathua leaves (Chenopodium album),2,88.77,2.5,1.71,0.44,4.01,2.34,1.68,2.56,116,120,8.61,219,0,211,1.01,0,2.66,0.51,1077,8.64,41.03,Vegetables
C009,Beet greens (Beta vulgaris),6,86.68,2.38,2.69,0.75,3.64,2.2,1.43,3.86,145,188,79.51,308,0,151,1.65,0,5.8,0.1,127,2.27,35.83,Vegetables
C010,"Betel leaves, big (kolkata) (Piper betle)",6,84.93,2.51,2.33,0.75,2.12,1.32,0.8,7.37,202,250,93.43,256,0,207,3.78,0,3,0.17,493,2.27,18.4,Vegetables
C011,"Betel leaves, small (Piper betle)",4,85.92,2.62,2.59,0.75,1.97,1.17,0.8,6.16,183,238,82.67,277,0,196,2.27,0,2.87,0.2,577,1.65,24.51,Vegetables
C012,Brussels sprouts (Brassica oleracea var. gemmifera),1,84.39,4.26,1.47,0.5,4.29,3.35,0.94,5.09,185,226,88.69,84.92,0,53.99,0.26,0,1.54,0.05,12.4,2.63,89.45,Vegetables
C013,"Cabbage, Chinese (Brassica rupa)",1,93.19,1.58,0.73,0.13,2.01,1.55,0.45,2.36,75,33.01,15.97,55.01,0,58.46,0.39,0,0.39,0.1,16.55,67.54,19.32,Vegetables
C014,"Cabbage, collard greens (Brassica oleracea var. viridis)",1,89.53,3.63,0.81,0.27,2.98,2.04,0.94,2.79,126,61.87,37.19,117,0,170,0.18,0,2.67,0.24,9.42,45.82,40.76,Vegetables
C015,"Cabbage, green (Brassica oleracea var. capitata f. alba)",6,91.85,1.36,0.67,0.12,2.76,1.91,0.85,3.25,90,46.54,30.05,91.4,0,51.76,0.21,0,0.35,0.26,2.88,64.87,33.25,Vegetables
C016,"Cabbage, violet (Brassica oleracea var. capitata f. rubra)",2,91.94,1.39,0.71,0.21,2.21,1.58,0.62,3.54,97,58.42,41.14,112,0,48,0.19,0,0.24,0.18,2.7,61.73,43.49,Vegetables
C017,Cauliflower leaves (Brassica oleracea var. botrytis),6,87.64,3.9,1.22,0.42,3.43,2.37,1.06,3.39,148,115,20.8,224,0,96.7,4.15,0,2.42,0.24,172,62.21,52.84,Vegetables
C018,"Colocasia leaves, green (Colocasia anti-quorum)",6,83.61,3.42,2.3,1.38,5.6,4.32,1.29,3.69,182,426,47.63,689,0,216,1.7,0,3.41,0.1,701,19.37,40.71,Vegetables
C019,Drumstick leaves (Moringa oleifera),3,75.65,6.41,2.46,1.64,8.21,6.12,2.1,5.62,282,560,102,668,0,314,14.33,0,4.56,0.02,120,19.22,108,Vegetables
C020,Fenugreek leaves (Trigonella foenum graecum),5,86.73,3.68,1.69,0.83,4.9,3.2,1.7,2.17,144,199,20.15,445,0,274,2.36,0,5.69,0.17,34.29,32.26,58.25,Vegetables
C021,Garden cress (Lepidium sativum),2,84.02,5.62,2.48,0.8,2.6,1.77,0.83,4.48,208,28.68,8.24,58.71,0,217,0.55,0,6.19,0.72,115,7.13,42.75,Vegetables
C022,"Gogu leaves, green (Hibiscus cannabinus)",4,87.42,1.86,0.98,1.09,4.59,3.24,1.35,4.06,152,245,39.85,584,0,145,4.28,0,7.65,0.01,177,3.99,29.65,Vegetables
C023,"Gogu leaves, red (Hibiscus cannabinus)",1,87.98,1.85,0.97,1.07,3.89,2.66,1.23,4.24,153,243,45.93,567,0,129,4.27,0,9.56,0.01,187,3.42,35.43,Vegetables
C024,"Knol-Khol, leaves (Brassica oleracea var. gongylodes)",2,86.2,3.12,1.42,0.35,2.76,1.81,0.95,6.16,178,107,18.91,154,0,368,0.59,0,2.51,0.05,2.92,5.47,71.11,Vegetables
C025,Lettuce (Lactuca sativa),3,92.27,1.54,1.11,0.27,1.79,1.32,0.47,3.01,91,116,22.22,208,0,56.71,0.1,0,2.73,0.05,364,9.24,11.91,Vegetables
C026,Mustard leaves (Brassica juncea),3,88.17,3.52,1.47,0.51,3.92,3.04,0.87,2.41,127,142,27.56,323,0,191,5.4,0,2.84,0.02,1.69,4.62,60.32,Vegetables
C027,Pak Choi leaves (Brassica rapa var. Chinensis),1,93.56,1.41,1.1,0.25,1.91,1.44,0.47,1.78,67,38.98,23.03,138,0,150,0.1,0,3.78,0.2,14.35,35.85,55.6,Vegetables
C028,Parsley (Petroselinum crispum),3,77.76,5.55,2.25,1.14,3.87,2.79,1.09,9.43,305,345,32.94,476,0,288,5.55,0,5.51,0.2,128,1.36,133,Vegetables
C029,Ponnaganni (Alternanthera sessilis),2,79.43,5.29,2.65,0.71,6.74,5.63,1.11,5.17,213,204,33.38,250,0,388,0.65,0,3.88,0.33,465,5.82,103,Vegetables
C030,"Pumpkin leaves, tender (Cucurbita maxima)",6,85.82,4.21,2.24,0.74,2.25,1.56,0.69,4.75,185,267,17.67,313,0,271,3.19,0,5.58,0.1,13.61,7.74,12.33,Vegetables
C031,Radish leaves (Raphanus sativus),6,91.19,2.22,1.5,0.51,1.82,1.18,0.63,2.77,109,147,26.93,248,0,234,1.39,0,3.82,0.05,53.83,3.15,65.76,Vegetables
C032,Rumex leaves (Rumex patientia),2,93.18,1.62,1.27,0.33,1.27,0.93,0.34,2.33,82,60.92,18.68,188,0,131,0.1,0,3.67,0.21,93.76,9.68,53.76,Vegetables
C033,Spinach (Spinacia oleracea),6,90.31,2.14,2.47,0.64,2.38,1.52,0.86,2.05,102,183,42.83,295,0,82.29,0.26,0,2.95,0.18,592,67.34,30.28,Vegetables
C034,"Tamarind leaves, tender (Tamarindus indica)",3,71.69,5.84,1.25,0.49,10.7,9.34,1.36,10.04,299,176,42.3,306,0,66.93,2.62,0,2.84,0.12,150,0,28.22,Vegetables
D001,Ash gourd (Benincasa hispida),6,92.17,0.79,0.7,0.14,3.37,2.52,0.85,2.84,73,25.26,7.43,76.47,0,19.39,1.35,0,0.47,0.05,4.89,36.91,11.41,Vegetables
D002,"Bamboo shoot, tender (Bambusa vulgaris)",1,94.56,1.33,0.55,0.35,1.55,1.06,0.49,1.67,68,41.09,7.45,51.46,0,10,0.41,0,0.33,0.02,85.7,12.53,15.74,Vegetables
D003,"Bean scarlet, tender (Phaseolus coccineus)",5,85.51,2.86,0.96,0.99,4.5,3.76,0.74,5.16,179,266,46.81,429,0,43.48,1.4,0,0.73,0.51,20.97,21.45,6.61,Vegetables
D004,"Bitter gourd, jagged, teeth ridges, elongate (Momordica charantia)",6,90.87,1.44,0.86,0.24,3.78,3.1,0.68,2.82,87,144,8.08,40.78,0,21.36,1.92,0,1.15,0,45.4,59.33,46.53,Vegetables
D005,"Bitter gourd, jagged, teeth ridges, short (Momordica charantia)",4,91.6,1.34,0.81,0.24,3.49,2.96,0.53,2.53,79,139,7.61,55.2,0,16.27,1.9,0,1.08,0,48.83,66.42,50.87,Vegetables
D006,"Bitter gourd, jagged, smooth ridges, elongate (Momordica charantia)",1,91.24,1.61,0.88,0.26,3.72,3.05,0.67,2.29,81,142,6.63,59.25,0,17.62,1.83,0,1.28,0,43.37,65.68,54.3,Vegetables
D007,"Bottle gourd, elongate, pale green (Lagenaria vulgaris)",6,95.17,0.53,0.36,0.13,2.12,1.65,0.48,1.68,46,41.44,3.54,64.94,0,15.42,0.74,0,0.26,0.13,3.75,31.16,4.33,Vegetables
D008,"Bottle gourd, round, pale green (Lagenaria vulgaris)",5,94.5,0.42,0.34,0.12,2.1,1.72,0.38,2.53,57,41.07,3.47,63.46,0,15.05,0.7,0,0.28,0.1,2.53,31.12,4.54,Vegetables
D009,"Bottle gourd, elongate, dark green (Lagenaria vulgaris)",1,94.63,0.49,0.4,0.13,2.11,1.74,0.37,2.25,54,42.04,9.05,52.92,0,16.64,0.6,0,0.34,0.06,1.7,33.41,3.8,Vegetables
D010,Brinjal-1 (Solanum melongena),1,89.95,1.77,0.83,0.39,3.57,2.37,1.2,3.49,114,94.53,27.94,210,0,22.17,0.85,0,0.49,0.03,34,8.21,1.58,Vegetables
D011,Brinjal-2 (Solanum melongena),1,90.28,1.82,0.85,0.34,4.01,2.8,1.21,2.71,99,88.11,16.8,167,0,17.13,1.01,0,0.44,0.04,35.87,7.31,1.03,Vegetables
D012,Brinjal-3 (Solanum melongena),2,90.02,1.36,0.65,0.33,4.26,3.1,1.16,3.38,102,72.34,21.05,171,0,14.58,1.19,0,0.34,0.32,32.4,10.49,2.34,Vegetables
D013,Brinjal-4 (Solanum melongena),4,90.28,1.51,0.66,0.31,4.04,3.03,1.01,3.19,100,66.91,25.2,158,0,13.39,1.05,0,0.38,0.15,29.37,9.54,2.22,Vegetables
D014,Brinjal-5 (Solanum melongena),3,89.45,1.38,0.72,0.29,4.13,3.1,1.03,4.02,111,69.24,18.56,147,0,17.03,1.61,0,0.36,0.1,33.5,7.75,3.15,Vegetables
D015,Brinjal-6 (Solanum melongena),2,90.57,1.46,0.72,0.29,3.68,3,0.68,3.29,97,70.99,16.94,144,0,17.17,1.14,0,0.39,0.26,36.8,10.49,1.49,Vegetables
D016,Brinjal-7 (Solanum melongena),1,91.25,1.4,0.57,0.37,3.32,2.3,1.02,3.1,98,71.72,22.92,153,0,19.95,0.84,0,0.27,0.3,33.68,8.88,1.08,Vegetables
D017,Brinjal-8 (Solanum melongena),3,89.28,1.82,0.8,0.33,4.01,2.79,1.22,3.75,117,68.17,25.32,159,0,21,0.97,0,0.42,0.11,37.86,9.44,1.89,Vegetables
D018,Brinjal-9 (Solanum melongena),2,89.83,1.47,0.83,0.35,4,2.94,1.06,3.52,106,80.49,25.08,170,0,18.79,1.02,0,0.38,0.23,43.33,10.41,1.72,Vegetables
D019,Brinjal-10 (Solanum melongena),2,89.38,1.68,0.72,0.25,3.9,2.74,1.16,4.08,116,66,21.91,132,0,15.59,0.88,0,0.41,0.23,34.8,8.45,2.4,Vegetables
D020,Brinjal-11 (Solanum melongena),6,89.93,1.43,0.68,0.31,4.12,2.95,1.17,3.53,105,68.14,21.59,140,0,15.92,1.01,0,0.37,0.21,32.83,11.27,2.24,Vegetables
D021,Brinjal-12 (Solanum melongena),2,90.94,1.6,0.58,0.27,3.89,2.7,1.19,2.73,93,68.52,17.14,130,0,19.85,0.87,0,0.37,0.14,31.81,10.49,2.55,Vegetables
D022,Brinjal-13 (Solanum melongena),1,89.14,1.49,0.64,0.31,3.92,2.61,1.31,4.51,124,82.96,15.45,150,0,18.95,1.06,0,0.32,0.37,29.12,9.12,1.49,Vegetables
D023,Brinjal-14 (Solanum melongena),3,90.31,1.56,0.64,0.35,3.87,2.5,1.37,3.27,106,59.14,16.76,125,0,14.43,0.89,0,0.32,0.28,32.95,8.63,1.83,Vegetables
D024,Brinjal-15 (Solanum melongena),4,89.44,1.58,0.74,0.29,3.99,2.82,1.17,3.96,114,67.08,24.66,150,0,17.82,1.12,0,0.36,0.15,29.74,10.85,2.01,Vegetables
D025,Brinjal-16 (Solanum melongena),1,90.39,1.26,0.8,0.34,3.74,2.54,1.2,3.46,103,83.65,21.95,166,0,18.33,0.76,0,0.32,0.13,32.81,8.65,1.53,Vegetables
D026,Brinjal-17 (Solanum melongena),1,90.83,1.18,0.81,0.36,3.94,2.8,1.14,2.89,91,81.14,28.21,179,0,20.83,1.33,0,0.5,0.26,37.14,10.12,1.95,Vegetables
D027,Brinjal-18 (Solanum melongena),3,89.07,1.47,0.66,0.33,4.38,3.23,1.15,4.1,116,69.18,20.71,133,0,16.24,1.01,0,0.38,0.2,37.58,8.79,1.97,Vegetables
D028,Brinjal-19 (Solanum melongena),3,90.41,1.26,0.66,0.31,3.97,2.81,1.16,3.39,100,59.27,18.19,124,0,16.1,1.06,0,0.32,0.32,37.84,9.02,2.53,Vegetables
D029,Brinjal-20 (Solanum melongena),5,90.65,1.44,0.68,0.34,3.73,2.64,1.09,3.15,99,79.91,20.28,167,0,14.36,1.02,0,0.33,0.21,35.39,9.29,2.21,Vegetables
D030,Brinjal-21 (Solanum melongena),2,89.83,1.36,0.69,0.35,3.85,2.57,1.28,3.93,113,88.28,25.84,170,0,15.27,0.84,0,0.34,0.07,34.6,9.01,1.38,Vegetables
D031,Brinjal - all varieties (Solanum melongena),6,90,1.48,0.7,0.32,3.98,2.84,1.14,3.52,106,71.15,21.45,149,0,16.59,1.04,0,0.37,0.2,34.31,9.76,2.09,Vegetables
D032,Broad beans (Vicia faba),3,84.2,3.85,1.05,0.15,8.63,6.61,2.03,2.11,123,42.62,8.53,64.85,0,64.37,11.58,0,0.94,0.41,20.25,124,10.98,Vegetables
D033,"Capsicum, green (Capsicum annuum)",6,93.89,1.11,0.76,0.34,2.06,1.33,0.73,1.84,68,77.03,12.71,172,0,14.75,0.7,0,0.48,0.2,19.12,103,123,Vegetables
D034,"Capsicum, red (Capsicum annuum)",4,92.99,1.47,0.76,0.47,2.19,1.58,0.61,2.14,83,86.39,47.65,217,0,15.76,0.52,0,0.38,0.26,16.28,33.39,112,Vegetables
D035,"Capsicum, yellow (Capsicum annuum)",4,93.38,1.35,0.72,0.41,2.19,1.39,0.8,1.95,78,102,55.55,201,0,19.13,0.89,0,0.69,0.25,18.07,56.43,127,Vegetables
D036,Cauliflower (Brassica oleracea),6,90.76,2.15,0.91,0.44,3.71,2.66,1.04,2.03,96,117,24.83,216,0,25.16,1.32,0,0.96,0.14,9.82,104,47.14,Vegetables
D037,Celery stalk (Apium graveolens),3,92.87,0.98,1.5,0.24,2.09,1.57,0.52,2.33,69,62.76,5.94,131,0,38.73,1.39,0,1.36,0.25,54.23,158,12.3,Vegetables
D038,Cho-cho-marrow (Sechium edule),4,93.78,0.66,0.38,0.15,1.55,1.19,0.36,3.47,79,76.12,13.3,22.58,0,18.64,5.46,0,0.48,0.25,1.55,60.1,20.21,Vegetables
D039,Cluster beans (Cyamopsis tetragonobola),6,84.65,3.55,1.68,0.37,4.83,3.55,1.28,4.91,168,107,30.24,148,0,121,13.72,0,3.9,0.1,16.49,92.19,17.96,Vegetables
D040,"Colocasia, stem, black (Colocasia antiquorum)",1,91.15,0.76,0.91,0.34,3.01,1.81,1.2,3.83,100,103,14.98,154,0,29.46,0.21,0,0.77,0.16,250,20.3,5.15,Vegetables
D041,"Colocasia, stem, green (Colocasia antiquorum)",5,92.67,0.91,1,0.22,2.33,1.26,1.07,2.86,81,67.53,7.78,110,0,40.21,0.14,0,0.55,0.16,229,24.01,5.83,Vegetables
D042,"Corn, Baby (Zea mays)",6,75.44,2.69,2.79,1.33,6.09,4.47,1.62,11.66,306,211,392,459,0,76.51,31.2,0,1.45,0.15,9.22,21.14,8.59,Vegetables
D043,"Cucumber, green, elongate (Cucumis sativus)",6,92.96,0.71,0.54,0.16,2.14,1.52,0.63,3.48,82,64.17,10.57,67.93,0,16.39,1.26,0,0.46,0.02,12.13,81.51,6.11,Vegetables
D044,"Cucumber, green, short (Cucumis sativus)",6,93.52,0.83,0.52,0.18,2.13,1.6,0.54,2.82,73,67.77,8.4,51.83,0,19.25,1.36,0,0.59,0.02,10.49,60.82,6.21,Vegetables
D045,"Cucumber, orange, round (Cucumis sativus)",2,92.8,0.98,0.52,0.24,2.46,1.78,0.68,3.01,82,71.9,7.41,68.7,0,21.98,1.59,0,0.45,0.05,11.55,37.31,6.24,Vegetables
D046,Drumstick (Moringa oleifera),6,85.39,2.62,1.27,0.12,6.83,5.6,1.23,3.76,123,29.05,46.4,27.21,0,33.3,1.67,0,0.73,0.2,123,72.33,71.86,Vegetables
D047,"Field beans, tender, broad (Vicia faba)",2,86.98,3.06,0.94,0.64,5.64,4.84,0.79,2.75,129,182,33.91,301,0,70.57,7.14,0,1.95,0.21,34.83,52.58,5.99,Vegetables
D048,"Field beans, tender, lean (Vicia faba)",6,85.57,3.71,1.08,0.6,6.19,5.37,0.82,2.85,140,175,26.28,281,0,58.59,7.2,0,1.48,0.15,35.12,58.47,3.84,Vegetables
D049,"French beans, country (Phaseolus vulgaris)",5,89.14,2.49,1.05,0.26,4.38,3.88,0.51,2.68,102,71.07,11.13,127,0,55.99,1.82,0,1.25,0.12,36.01,92.41,15.81,Vegetables
D050,"French beans, hybrid (Phaseolus vulgaris)",2,90.11,2.12,0.77,0.19,4.18,3.53,0.65,2.63,93,66.8,11.85,135,0,49.9,1.85,0,0.98,0.14,36.97,81.1,1.38,Vegetables
D051,"Jack fruit, raw (Artocarpus heterophyllus)",5,85.52,1.98,0.99,0.35,7.69,7.15,0.54,3.48,110,47.36,115,107,0,45.74,6.84,0,0.31,0.26,9.6,35.4,17.51,Fruits
D052,"Jack fruit, seed, mature (Artocarpus heterophyllus)",5,72.32,5.79,1.02,0.44,8.63,7.83,0.8,11.81,322,146,16.21,181,0,37.56,1.4,0,0.37,0.67,38.51,19.76,9.68,Fruits
D053,Knol - Khol (Brassica oleracea),6,93.14,1.58,0.79,0.35,2.75,2.31,0.44,1.39,67,97.4,31.62,130,0,35.26,0.32,0,0.24,0.11,2.92,14.19,64.7,Vegetables
D054,"Kovai, big (Coccinia cordifolia)",6,92.78,1.39,0.58,0.24,3,2.19,0.81,2.01,73,68.84,4.35,98.82,0,34.39,6.25,0,0.38,0.06,7.72,22.68,17.62,Vegetables
D055,"Kovai, small (Coccinia cordifolia)",1,92.4,1.22,0.47,0.24,3.25,2.14,1.12,2.41,80,75.33,4.51,112,0,37.12,6.06,0,0.29,0.1,8.15,25.89,21.08,Vegetables
D056,Ladies finger (Abelmoschus esculentus),6,89.06,2.08,0.94,0.22,4.08,2.8,1.28,3.62,115,69.37,8.1,109,0,86.12,7.46,0,0.84,0.07,83.87,21.66,22.51,Vegetables
D057,"Mango, green, raw (Mangifera indica)",6,85.14,0.69,0.49,0.08,3.01,1.68,1.34,10.59,205,27.28,9.25,30.13,0,27,7.68,0,0.4,0.52,7.51,32.73,90.24,Fruits
D058,"Onion, stalk (Allium cepa)",6,88.35,2.07,1.13,0.26,5.21,3.76,1.45,2.99,107,92.08,5.52,98.98,0,31.12,6.81,0,3.09,0.05,29.72,839,27.23,Vegetables
D059,"Papaya, raw (Carica papaya)",6,92.04,0.5,0.55,0.23,2.28,1.32,0.96,4.4,100,69.15,44.53,75.64,0,22.72,7.8,0,0.2,0.99,9.38,28.85,20.73,Fruits
D060,Parwar (Trichosanthes dioica),6,91.57,1.4,0.59,0.3,2.61,1.82,0.79,3.54,101,95.93,13.19,112,0,30.76,0.69,0,0.5,0.06,3.24,28.36,19.24,Vegetables
D061,"Peas, fresh (Pisum sativum)",6,73.37,7.25,1.05,0.13,6.32,5.04,1.28,11.88,340,19.01,28.75,56.24,0,28.24,12.91,0,1.58,0.2,18.42,17.69,38.4,Vegetables
D062,"Plantain, flower (Musa x paradisiaca)",6,89.14,1.47,1.35,0.63,5.25,4.72,0.52,2.15,89,273,31.69,198,0,34.06,1.29,0,0.4,0.04,169,57.65,6.49,Fruits
D063,"Plantain, green (Musa x paradisiaca)",6,76.15,1.18,1.27,0.23,3.6,2.79,0.81,17.58,334,57.13,16.21,107,0,13.8,0.27,0,0.34,0.1,85.25,35.87,23.28,Fruits
D064,"Plantain, stem (Musa x paradisiaca)",6,87.53,0.35,1.2,0.16,2.12,1.33,0.8,8.64,165,27.45,2.71,28.5,0,11.24,0.32,0,0.26,0.65,213,14.29,3.77,Fruits
D065,"Pumpkin, green, cylindrical (Cucurbita maxima)",1,91.73,0.87,0.47,0.18,2.53,1.28,1.25,4.22,103,53.32,25.17,65.51,0,24.1,1.07,0,0.29,1.01,57.33,159,7.29,Vegetables
D066,"Pumpkin, orange, round (Cucurbita maxima)",6,91.85,0.84,0.58,0.16,2.56,1.44,1.12,4,97,44.58,22.02,62.73,0,23.06,1.4,0,0.36,0.33,41.22,33.32,8.04,Vegetables
D067,"Red gram, tender, fresh (Cajanus cajan)",1,64,8.09,1.64,0.92,5.9,3.66,2.25,19.46,520,211,51.13,474,0,58.58,28.96,0,1.18,0.1,19.83,0,15.13,Legume
D068,Ridge gourd (Luffa acutangula),6,94.99,0.91,0.44,0.14,1.81,1.2,0.61,1.72,55,54.49,2.57,55.08,0,13.7,0.37,0,0.42,0.08,29.55,152,5.42,Vegetables
D069,"Ridge gourd, smooth skin (Luffa acutangula)",3,94.27,0.98,0.53,0.13,1.85,1.31,0.54,2.24,64,43.07,2.95,57.98,0,14.96,0.34,0,0.5,0.06,35.85,112,8.1,Vegetables
D070,"Snake gourd, long, pale green (Trichosanthes anguina)",6,94.81,0.98,0.42,0.25,2.27,1.69,0.58,1.27,52,94.9,4.89,97.54,0,24.6,2.67,0,0.32,0.05,24.22,110,2.72,Vegetables
D071,"Snake gourd, long, dark green (Trichosanthes anguina)",2,94.92,0.89,0.45,0.25,2.27,1.69,0.58,1.23,50,95.87,4.77,99.36,0,27.11,3.08,0,0.47,0.1,13.44,123,2.85,Vegetables
D072,"Snake gourd, short (Trichosanthes anguina)",1,94.35,0.54,0.41,0.26,2.29,1.61,0.68,2.15,61,100,2.96,105,0,17.9,3.12,0,0.2,0.12,14.25,126,2.3,Vegetables
D073,"Tinda, tender (Praecitrullus fistulosus)",6,94.41,1.02,0.51,0.17,2,1.68,0.32,1.9,58,48.97,6.28,76.11,0,19.68,2.76,0,0.41,0.07,3.36,119,14.2,Vegetables
D074,"Tomato, green (Lycopersicon esculentum)",6,93.21,1.12,0.6,0.27,1.62,1.05,0.57,3.18,87,46.91,36.91,109,0,8.49,1.1,0,0.42,0.42,8.47,135,16.41,Fruits
D075,"Tomato, ripe, hybrid (Lycopersicon esculentum)",6,93.79,0.76,0.43,0.25,1.58,1.27,0.3,3.2,79,47.65,30.5,119,0,8.9,11.83,0,0.22,0.18,2.89,288,25.27,Fruits
D076,"Tomato, ripe, local (Lycopersicon esculentum)",6,93.62,0.9,0.52,0.47,1.77,1.44,0.33,2.71,82,79.56,58.66,208,0,10.17,12.24,0,0.3,0.18,5.58,278,27.47,Fruits
D077,"Zucchini, green (Cucurbita pepo)",2,92.83,1.1,0.93,0.51,2.3,1.42,0.88,2.33,84,119,37.83,251,0,17.26,0.4,0,0.52,0.02,17.83,47.81,15.78,Vegetables
D078,"Zucchini, yellow (Cucurbita pepo)",2,93.15,1.31,1.08,0.44,1.84,1.37,0.47,2.2,79,56.92,21.32,114,0,20.98,0.38,0,0.34,0.1,16.06,47.81,16.71,Vegetables
E001,"Apple, big (Malus domestica)",6,83.01,0.29,0.36,0.64,2.59,1.43,1.16,13.11,261,154,51.13,282,0,13.68,1.46,0,0.26,1.03,13.19,49.87,3.57,Fruits
E002,"Apple, green (Malus domestica)",6,85.54,0.46,0.31,0.5,2.54,1.72,0.81,10.65,214,116,40.99,223,0,6.53,2.45,0,0.2,1.08,17.63,30.98,2.9,Fruits
E003,"Apple, small (Malus domestica)",6,82.91,0.31,0.24,0.53,2.06,1.44,0.62,13.95,267,149,46.96,224,0,5.39,1.86,0,0.25,1.17,15.51,34.22,4,Fruits
E004,"Apple, small, Kashmir (Malus sylvestris)",1,82.79,0.27,0.29,0.6,2.07,1.53,0.54,13.99,269,176,50.63,253,0,4.72,2.04,0,0.21,1.6,14.35,41.58,4.24,Fruits
E005,"Apricot, dried (Prunus armeniaca)",6,16.68,3.17,3.46,0.74,3.32,2.72,0.6,72.63,1321,200,118,286,0,28.57,3.98,0,2.5,6.98,113,119,0.42,Fruits
E006,"Apricot, processed (Prunus armeniaca)",3,85.75,1.47,0.61,0.64,0.59,0.43,0.16,10.93,236,185,23.33,319,0,5.42,4.31,0,1.12,0.43,44.87,295,7.98,Fruits
E007,Avocado fruit (Persea americana),1,73.56,2.95,1.19,13.86,6.69,5.26,1.42,1.75,604,1237,8710,1141,0,28.48,2.1,0,0.81,0.44,2.78,0.12,9.36,Fruits
E008,Bael fruit (Aegle marmelos),1,61.36,2.63,0.91,0.57,6.31,3.31,3,28.21,569,190,112,154,0,47.95,1.6,0,0.23,2.65,3.87,0.21,7.5,Fruits
E009,"Banana, ripe, montham (Musa x paradisiaca)",1,70.13,1.25,1.15,0.32,2.21,1.43,0.78,24.95,463,110,14.38,132,0,6.77,0.2,0,0.4,7.68,2.8,290,8.06,Fruits
E010,"Banana, ripe, poovam (Musa x paradisiaca)",2,71.32,1.49,1.09,0.35,2.33,1.29,1.04,23.41,445,113,32.29,135,0,8.73,0.24,0,0.35,6.12,2.38,285,6.74,Fruits
E011,"Banana, ripe, red (Musa x paradisiaca)",1,70.28,1.29,0.95,0.29,1.98,1.26,0.72,25.21,467,106,17.78,108,0,9.56,0.21,0,0.24,4.05,4.15,296,6.74,Fruits
E012,"Banana, ripe, robusta (Musa x paradisiaca)",6,71.93,1.23,0.94,0.33,1.94,1.23,0.71,23.63,440,114,20.89,127,0,5.07,0.22,0,0.28,4.05,3.24,293,4.76,Fruits
E013,Black berry (Rubus fruticosus),5,82.94,0.92,0.52,0.63,4.35,3.44,0.91,10.64,227,195,87.71,234,0,23.81,14.65,0,0.63,2.5,5.33,396,19.45,Fruits
E014,"Cherries, red (Prunus cerasus)",4,83.61,1.49,0.45,0.46,2.12,1.35,0.78,11.87,250,125,95.85,187,0,23.88,4.3,0,0.36,4.61,6.15,18.84,8.82,Fruits
E015,"Currants, black (Ribes nigrum)",1,83.27,1.51,0.69,0.53,4.07,2.43,1.64,9.93,227,83.33,302,39.06,0,40.32,3.01,0,1.36,2.85,10.8,421,182,Fruits
E016,Custard apple (Annona squamosa),1,71.55,1.62,0.68,0.67,5.1,3.17,1.93,20.38,414,138,39.74,132,0,28.2,0.18,0,0.42,4.25,35.1,11.23,21.51,Fruits
E017,"Dates, dry, pale brown (Phoenix dactylifera)",6,11.14,2.45,2.2,0.35,8.95,7.53,1.42,74.91,1340,97.03,30.43,159,0,71.2,2.6,0,3.2,6.15,2.11,58.61,4.42,Fruits
E018,"Dates, dry, dark brown (Phoenix dactylifera)",2,13.13,2.38,2.39,0.35,9.1,7.57,1.53,72.67,1301,114,21,145,0,66.13,0.68,0,4.79,6.26,1.98,3.01,3.84,Fruits
E019,"Dates, processed (Phoenix dactylifera)",2,22.01,1.18,1.93,0.41,6.52,5.68,0.84,67.95,1197,149,46.88,136,0,15.73,0.83,0,0.89,5,1.96,4.98,15.51,Fruits
E020,Fig (Ficus carica),6,75.6,2.03,1.08,0.37,4.64,2.59,2.05,16.28,341,89.44,41.38,97.09,0,78.52,1.47,0,0.69,1.2,46.71,216,16.92,Fruits
E021,Goosberry (Emblica officinalis),5,87.02,0.34,0.34,0.16,7.75,6.2,1.55,4.39,99,38.48,23.93,75.24,0,20.14,0.27,0,1.25,1.29,7.96,751,252,Fruits
E022,"Grapes, seeded, round, black (Vitis vinifera)",4,83.88,0.76,0.46,0.32,1.35,0.82,0.52,13.23,254,106,12.73,139,0,10.57,6.19,0,0.22,2.77,26.12,3.12,18.3,Fruits
E023,"Grapes, seeded, round, green (Vitis vinifera)",5,85.07,0.77,0.43,0.29,1.25,0.81,0.44,12.19,235,92.42,11.1,119,0,11.16,3.59,0,0.24,2.38,25.74,3.36,17.1,Fruits
E024,"Grapes, seeded, round, red (Vitis vinifera)",5,84.46,0.95,0.48,0.29,1.28,0.85,0.43,12.55,244,92.04,12.18,123,0,11.27,6.87,0,0.33,2.57,23.92,1.82,20.59,Fruits
E025,"Grapes, seedless, oval, black (Vitis vinifera)",5,75.3,1.41,0.7,0.46,1.64,0.98,0.66,20.48,395,45.63,33.96,183,0,15.26,6.42,0,0.28,2.01,19.07,3.06,27.32,Fruits
E026,"Grapes, seedless, round, green (Vitis vinifera)",5,85.55,0.62,0.47,0.26,1.28,0.85,0.44,11.81,224,87.11,9.33,113,0,14.22,3.54,0,0.24,2.15,20.06,3.47,16.47,Fruits
E027,"Grapes, seedless, round, black (Vitis vinifera)",5,76.9,1.24,0.49,0.35,1.15,0.83,0.32,19.86,374,129,12.97,162,0,18.75,6.23,0,0.39,3.29,22.11,3.98,22.79,Fruits
E028,"Guava, white flesh (Psidium guajava)",5,83.79,1.44,0.72,0.32,8.59,7.14,1.45,5.13,135,49.3,35.72,176,0,18.52,1.68,0,0.32,1.9,13.05,384,214,Fruits
E029,"Guava, pink flesh (Psidium guajava)",5,81.22,1.19,0.81,0.25,7.39,6.12,1.28,9.14,195,27.18,13.97,91.65,0,14.22,0.93,0,0.4,3.6,9.57,87.07,222,Fruits
E030,"Jack fruit, ripe (Artocarpus heterophyllus)",5,78.56,2.74,0.91,0.15,3.62,2.21,1.41,14.01,302,37.66,44.27,38.07,0,35.03,7.49,0,0.36,3.33,8.45,35.4,6.73,Fruits
E031,"Jambu fruit, ripe (Syzygium cumini)",2,83.33,0.82,0.31,0.17,3.07,2.4,0.67,12.3,235,66.49,20.73,48.77,0,25.36,0.82,0,0.33,2.21,9.6,72.26,16.47,Fruits
E032,Karonda fruit (Carissa carandas),1,86.04,1.15,1.02,1.67,7.25,5.87,1.38,2.87,141,66.81,24.12,52.6,0,10.81,1.43,0,0.87,0.56,5.88,2.13,135,Fruits
E033,"Lemon, juice (Citrus limon)",6,91.59,0.41,0.28,0.75,0,6.97,0,0,153,202,47.4,353,0,22.68,0.39,0,0.12,1.28,0,3490,48.16,Fruits
E034,"Lime, sweet,pulp (Citrus limetta)",6,91.32,0.76,0.47,0.2,2.07,1.33,0.74,5.18,114,76.4,35.18,84.41,0,25.79,0.3,0,0.11,2.6,0.57,3416,46.96,Fruits
E035,Litchi (Nephelium litchi),4,85.56,0.99,0.44,0.26,1.34,0.81,0.53,11.41,225,91.48,45.63,78.89,0,5.77,0.33,0,0.79,2.17,15.28,24.21,33.82,Fruits
E036,"Mango, ripe, banganapalli (Mangifera indica)",6,88.44,0.54,0.42,0.55,1.88,1.01,0.87,8.18,175,170,134,132,0,15.77,3.71,0,0.51,0.73,7.94,446,32.97,Fruits
E037,"Mango, ripe, gulabkhas (Mangifera indica)",2,86.65,0.52,0.32,0.53,1.67,1.03,0.64,10.32,209,180,145,99.3,0,19.33,3.91,0,0.38,2.6,7.7,432,27.65,Fruits
E038,"Mango, ripe, himsagar (Mangifera indica)",3,88.04,0.46,0.38,0.54,1.55,0.82,0.73,9.03,187,174,134,127,0,15.54,3.73,0,0.29,0.55,8.09,448,49.09,Fruits
E039,"Mango, ripe, kesar (Mangifera indica)",4,85.07,0.54,0.44,0.57,2.02,1.09,0.93,11.36,231,172,169,115,0,15.74,3.68,0,0.43,2.65,8.31,445,29.08,Fruits
E040,"Mango, ripe, neelam (Mangifera indica)",2,88.41,0.68,0.38,0.55,1.77,0.97,0.79,8.21,178,178,147,116,0,11.36,3.72,0,0.36,2.71,8.46,430,29.93,Fruits
E041,"Mango, ripe, paheri (Mangifera indica)",2,87.69,0.68,0.42,0.58,1.97,0.99,0.98,8.67,188,186,192,86.32,0,15.11,3.62,0,0.51,2.46,9.71,445,30.75,Fruits
E042,"Mango, ripe, totapari (Mangifera indica)",1,84.14,0.41,0.47,0.49,1.73,0.95,0.78,12.75,248,175,168,88.71,0,13.34,3.77,0,0.28,1.05,11.5,442,25.26,Fruits
E043,Mangosteen (Garcinia mangostana),1,85.52,0.63,0.33,0.24,1.87,1.23,0.64,11.41,219,176,165,88.6,0,4.69,0,0,0.28,1.67,8.44,127,26.33,Fruits
E044,Manila tamarind (Pithecellobium dulce),1,74.54,3.56,2.82,1.14,4.4,3.3,1.1,13.54,342,27.81,33.45,19.49,0,8.51,0,0,0.71,4.12,4.32,10.52,55.78,Fruits
E045,"Musk melon, orange flesh (Cucumis melon)",5,92.97,0.42,0.52,0.35,1.51,0.84,0.67,4.24,97,92.94,25.18,159,0,9.8,4.41,0,0.18,0.71,2.62,5.71,22.76,Fruits
E046,"Musk melon, yellow flesh (Cucumis melon)",6,91.84,0.53,0.48,0.26,1.49,0.79,0.7,5.4,116,79,21.12,114,0,9.02,2.33,0,0.21,0.84,1.88,9.08,21.32,Fruits
E047,"Orange, pulp (Citrus aurantium)",6,89.61,0.7,0.36,0.13,1.29,0.73,0.56,7.92,156,37.11,19.26,47.63,0,19.52,0.34,0,0.81,1.21,8.06,1281,42.72,Fruits
E048,"Palm fruit, tender (Borassus flabellifer)",1,91.93,0.5,0.13,0.12,2.4,1.87,0.53,4.92,101,33.36,38.32,76.42,0,0,0,0,0,0.02,1.05,1.31,0.25,Fruits
E049,"Papaya, ripe (Carcia papaya)",6,91.47,0.42,0.51,0.16,2.83,1.75,1.08,4.61,100,56.08,26.35,48.24,0,15.02,11.47,0,0.23,1.15,5.96,146,43.09,Fruits
E050,Peach (Prunus communis),1,88.31,0.86,0.51,0.37,2.13,1.22,0.91,7.82,168,23.9,209,62.61,0,6.98,2.41,0,0.35,0.89,6.35,127,5.49,Fruits
E051,Pear (Pyrus sp.),6,86.49,0.36,0.32,0.27,4.48,4.02,0.46,8.09,157,75.94,24.26,101,0,6.55,1.48,0,0.28,2.74,2.41,81,3.31,Fruits
E052,Phalsa (Grewia asiatica),2,77.48,1.66,1.09,0.14,4.54,3.44,1.09,15.09,299,164,167,381,0,153,1.34,0,2.01,4.66,352,319,5.11,Fruits
E053,Pineapple (Ananas comosus),6,86.06,0.52,0.38,0.16,3.46,2.88,0.59,9.42,180,51.09,31.15,47.76,0,10.88,0.21,0,0.28,3.12,3.39,605,36.37,Fruits
E054,Plum (Prunus domestica),3,84.44,0.64,0.35,0.4,2.07,1.23,0.84,12.1,238,20.05,170,59.08,0,7.61,3.32,0,0.25,3.42,0.74,62.32,2.26,Fruits
E055,"Pomegranate, maroon seeds (Punica granatum)",6,83.55,1.33,0.57,0.15,2.83,2.26,0.57,11.58,229,42.5,38.51,40.99,0,10.65,109,0,0.31,1.74,253,1239,12.69,Fruits
E056,Pummelo (Citrus maxima),3,86.97,0.68,0.49,0.42,0.8,0.49,0.31,10.64,210,115,41,187,0,14.03,0.98,0,0.06,1.44,16.25,2013,48.89,Fruits
E057,"Raisins, dried, black (Vitis vinifera)",6,19.69,2.57,2.19,0.34,3.92,2.55,1.37,71.29,1279,62.47,46.53,159,0,73.24,1.76,0,6.81,16.22,10.71,24.92,2.05,Fruits
E058,"Raisins, dried, golden (Vitis vinifera)",6,21.5,2.76,2.04,0.35,4.56,3.04,1.53,68.79,1241,121,32.64,125,0,51.83,11.87,0,4.26,15.58,10.9,17.47,1.85,Fruits
E059,Rambutan (Nephelium lappaceum),1,80.87,0.68,0.43,0.16,1.02,0.71,0.3,16.84,306,144,160,362,0,8.67,2.4,0,0.37,6,1.89,12.65,65,Fruits
E060,Sapota (Achras sapota),6,73.64,0.92,0.68,1.26,9.6,8.46,1.14,13.9,307,389,255,358,0,17.87,0.65,0,0.49,2.85,8.97,355,20.96,Fruits
E061,Soursop (Annona muricata),1,80.85,0.74,0.58,0.94,4.95,3.79,1.16,11.94,260,135,38.54,132,0,10.05,3.24,0,0.29,1.66,1.07,12.33,59.54,Fruits
E062,Star fruit (Averrhoa carambola),1,91.18,0.79,0.33,0.39,2.81,2.17,0.64,4.51,110,20.77,33.62,191,0,4.97,0.96,0,0.45,1.73,1.23,886,33.55,Fruits
E063,Strawberry (Fragaria ananassa),6,92.03,0.97,0.54,0.56,2.5,1.51,0.99,3.4,103,66.21,77.87,291,0,15.28,3.95,0,0.36,1.6,2.04,0.11,50.2,Fruits
E064,"Tamarind, pulp (Tamarindus indicus)",6,20.83,2.92,3.44,0.15,5.31,3.73,1.58,67.35,1207,27.26,34.89,17.85,0,149,25.65,0,9.16,14.53,48.91,0.06,3.62,Fruits
E065,"Water melon, dark green (sugar baby) (Citrullus vulgaris)",6,94.54,0.6,0.13,0.16,0.7,0.35,0.34,3.86,85,39.7,24.84,67.46,0,5.29,0.56,0,0.22,0.31,0.72,47.35,13.26,Fruits
E066,"Water melon, pale green (Citrullus vulgaris)",6,95.33,0.59,0.12,0.16,0.78,0.4,0.38,3.02,70,50.33,10.96,65.38,0,4.35,0.56,0,0.16,0.21,0.55,52.65,11.45,Fruits
E067,Wood Apple (Limonia acidissima),3,79.36,3.14,1.15,3.62,5.21,3.77,1.44,7.52,327,877,595,1435,0,55.71,28.71,0,0.45,1.41,55.8,257,22.17,Fruits
E068,Zizyphus (Zizyphus jujube),1,84.39,1.34,0.8,0.35,3.73,2.71,1.02,9.4,204,119,126,35.25,0,46.55,16.7,0,0.4,2.98,2.89,19.93,60.93,Fruits
F001,Beet root (Beta vulgaris),6,86.95,1.95,1.46,0.14,3.31,2.6,0.71,6.18,149,31.17,21.96,64.21,0,17.28,0.18,0,0.76,1.46,71.37,134,5.26,Vegetables
F002,"Carrot, orange (Dacus carota)",6,87.69,0.95,1.16,0.47,4.18,2.81,1.37,5.55,139,87.71,21.01,266,0,35.09,1.36,0,0.6,1.15,17.45,222,6.22,Vegetables
F003,"Carrot, red (Dacus carota)",4,86.07,1.04,1.22,0.47,4.49,3.09,1.4,6.71,160,88.91,18.27,270,0,41.06,1.39,0,0.71,1.13,16.41,105,6.76,Vegetables
F004,Colocasia (Colocasia antiquorum),6,73.49,3.31,1.95,0.17,3.22,2.54,0.68,17.85,372,41.84,22.92,77.41,0,30.18,0.27,0,0.66,0.25,48.73,12.17,1.83,Vegetables
F005,Lotus root (Nelumbium nelumbo),3,76.26,1.94,1.5,0.93,4.7,2.86,1.84,14.67,332,249,84.12,414,0,37.71,0.27,0,3.34,0.11,364,55.38,26.63,Vegetables
F006,"Potato, brown skin, big (Solanum tuberosum)",6,80.72,1.54,0.92,0.23,1.71,1.13,0.58,14.89,292,43.56,13.82,129,0,9.52,0.19,0,0.57,0.05,12.24,55.38,23.15,Vegetables
F007,"Potato, brown skin, small (Solanum tuberosum)",1,82.97,1.35,0.87,0.22,1.69,1.15,0.54,12.9,255,44.03,11.94,128,0,8.53,0.22,0,0.53,0.08,13.63,56.81,26.41,Vegetables
F008,"Potato, red skin (Solanum tuberosum)",1,79.72,1.83,1.13,0.22,1.68,1.11,0.57,15.43,306,39.87,14.91,121,0,8.62,0.2,0,0.66,0.1,12.37,57.82,25.04,Vegetables
F009,"Radish, elongate, red skin (Raphanus sativus)",3,89.32,0.67,0.73,0.13,2.46,1.96,0.49,6.71,134,42.65,7.29,56.73,0,28.44,0.04,0,0.37,0.27,12.73,2.94,17.63,Vegetables
F010,"Radish, elongate, white skin (Raphanus sativus)",6,89.05,0.77,0.82,0.15,2.65,1.98,0.67,6.56,135,43.88,9.14,53.64,0,30.2,0.05,0,0.36,0.03,12.72,3.65,19.91,Vegetables
F011,"Radish, round, red skin (Raphanus sativus)",1,89.68,0.89,0.91,0.16,2.29,1.56,0.73,6.07,130,46.08,6.08,75.85,0,35.76,0.05,0,0.42,0.18,12.27,6.12,15.69,Vegetables
F012,"Radish, round, white skin (Raphanus sativus)",2,89.76,0.8,0.8,0.14,2.37,1.63,0.74,6.13,129,41.15,12.64,62.2,0,34.23,0.04,0,0.41,0.3,15.49,2.97,14,Vegetables
F013,"Sweet potato, brown skin (Ipomoes batatas)",4,69.21,1.33,0.96,0.26,3.99,2.57,1.43,24.25,456,66.1,4.1,116,0,27.5,1.26,0,0.35,0.71,14.39,15.66,17.94,Vegetables
F014,"Sweet potato, pink skin (Ipomoes batatas)",3,69.58,1.27,0.95,0.33,3.94,2.53,1.41,23.93,452,101,9.35,180,0,28.93,1.64,0,0.51,0.97,14.14,25.69,22.2,Vegetables
F015,Tapioca (Manihot esculenta),3,75.23,1.03,1.12,0.2,4.61,3.85,0.76,17.81,334,59.5,9.2,91.29,0,25.89,0.13,0,0.81,0.29,16.86,8.83,15.51,Vegetables
F016,Water Chestnut (Eleocharis dulcis),1,73.34,0.86,0.95,0.37,3.02,2.15,0.87,21.46,400,87.42,105,104,0,37.15,1.2,0,0.77,0.32,16.54,4.86,5.26,Fruits
F017,"Yam, elephant (Amorphophallus campanulatus)",6,74.39,2.56,1.29,0.14,4.17,3.25,0.92,17.46,353,35.72,6.75,73.52,0,46.91,1.3,0,1.22,0.16,15.58,354,15.22,Vegetables
F018,"Yam, ordinary (Amorphophallus campanulatus)",4,74.28,2.18,1.64,0.17,4.08,3.32,0.76,17.65,349,42.63,13.04,72.34,0,16.19,0.23,0,0.77,0.11,13.99,556,13.88,Vegetables
F019,"Yam, wild (Dioscorea versicolor)",2,69.35,3.07,1.76,0.3,4.57,3.29,1.29,20.95,430,79.51,22.66,142,0,44.13,1.18,0,1.04,0.12,13.45,286,14.06,Vegetables
G001,"Chillies, green-1 (Capsicum annum)",5,84.47,2.62,1.01,0.73,4.86,3.31,1.55,6.32,191,126,38.19,428,0,24.1,3.14,0,1.46,0.16,28.86,4.85,79.5,Spices
G002,"Chillies, green-2 (Capsicum annum)",3,85.72,2.28,0.85,0.75,5.13,3.79,1.34,5.27,167,131,33.39,433,0,16.86,3.49,0,1.24,0.11,26.32,5.89,90.97,Spices
G003,"Chillies, green-3 (Capsicum annum)",5,85.59,2.38,0.95,0.75,5.1,3.61,1.5,5.23,169,133,31.74,418,0,18.04,3.17,0,1.25,0.08,27.68,6.44,93.63,Spices
G004,"Chillies, green-4 (Capsicum annum)",3,85.29,2.33,0.87,0.74,4.15,2.84,1.31,6.63,190,148,29.25,412,0,15.87,2.87,0,1.08,0.14,23.85,4.43,102,Spices
G005,"Chillies, green-5 (Capsicum annum)",2,85.93,2.01,0.82,0.65,3.95,2.83,1.12,6.64,180,109,26.97,384,0,15.31,3.26,0,0.93,0.02,38.3,4.86,97.77,Spices
G006,"Chillies, green-6 (Capsicum annum)",1,84.93,3.01,0.96,0.64,5.15,3.91,1.24,5.31,175,121,27.57,363,0,24.82,2.19,0,0.75,0.15,30.12,1.13,108,Spices
G007,"Chillies, green-7 (Capsicum annum)",1,85.83,2.12,0.9,0.6,4.95,3.75,1.2,5.61,163,102,29.66,332,0,16.85,2.43,0,1.23,0.05,29.37,5.69,112,Spices
G008,"Chillies, green - all varieties (Capsicum annum)",6,85.39,2.36,0.91,0.72,4.77,3.41,1.37,5.86,177,129,32.2,413,0,18.45,3.11,0,1.2,0.11,28.54,5.13,94.07,Spices
G009,Coriander leaves (Coriandrum sativum),6,86.99,3.52,2.19,0.7,4.66,3.24,1.42,1.93,130,228,9.06,320,0,146,3.55,0,5.3,0.06,20.42,546,23.87,Vegetables
G010,Curry leaves (Murraya koenigii),6,65.33,7.41,4.86,1.06,16.83,13.81,3.02,4.51,266,267,44.57,569,0,659,117,0,8.67,0.2,154,65.27,6.04,Vegetables
G011,"Garlic, big clove (Allium sativum)",6,64.38,6.92,1.4,0.16,5.22,2.56,2.66,21.93,518,33.52,14.24,66.9,0,20.08,1.88,0,1.05,1.2,159,0.64,12.62,Vegetables
G012,"Garlic, small clove (Allium sativum)",3,64.42,6.75,1.38,0.14,5.47,2.61,2.86,21.84,514,32.63,13.55,61.82,0,17.63,1.97,0,0.88,1.08,143,1.15,13.57,Vegetables
G013,"Garlic, single clove, Kashmir (Allium sativum)",1,64.49,6.12,1.76,0.16,4.01,2.2,1.81,23.46,523,34.76,10.83,82.4,0,19,2.89,0,1.01,1.05,127,0.12,15.38,Vegetables
G014,"Ginger, fresh (Zinziber officinale)",6,81.27,2.22,1.33,0.85,5.36,4.28,1.08,8.97,230,231,67.97,381,0,18.88,4.09,0,1.9,0.15,259,5.95,5.43,Vegetables
G015,Mango ginger (Curcuma amada),3,84.55,1.45,1.57,0.7,4.74,3.79,0.95,6.98,177,177,52.26,334,0,13.74,3.1,0,2.31,0.81,307,53.42,1.62,Vegetables
G016,Mint leaves (Mentha spicata ),4,84.24,4.66,2.18,0.65,5.89,4.49,1.4,2.39,155,125,13.23,352,0,205,3.37,0,8.56,0.07,97.07,25.86,17.16,Vegetables
G017,"Onion, big (Allium cepa)",6,85.76,1.5,0.5,0.24,2.45,1.92,0.53,9.56,201,60.81,39.36,107,0,21.03,0.73,0,0.43,1.47,4.03,33.89,6.69,Vegetables
G018,"Onion, small (Allium cepa)",5,84.67,1.82,0.61,0.16,1.16,0.7,0.46,11.58,237,41.01,15.83,71.16,0,19.92,0.12,0,0.53,1.63,11.11,76.07,10.96,Vegetables
G019,Asafoetida (Ferula assa-foetida),6,9.42,6.34,5.9,1.26,5.13,3.9,1.23,71.95,1387,242,250,514,0,266,12.59,0,15.68,0.47,23.82,6.35,0,Spices
G020,"Cardamom, green (Elettaria cardamomum)",6,11.24,8.1,7.21,2.6,23.1,20.46,2.64,47.76,1067,624,891,583,0,378,43.72,0,8.33,1.89,1961,73.83,0,Spices
G021,"Cardamom, black (Elettaria cardamomum)",4,6.69,6.69,7.84,2.8,23.46,20.73,2.74,52.53,1132,493,1083,517,0,312,43.55,0,7.94,0.76,2472,156,0,Spices
G022,"Chillies, red (Capsicum annum)",6,14.57,12.69,5.73,6.4,31.15,26.55,4.6,29.46,990,1141,718,3263,0,99.83,24.36,0,6.23,1.82,87.17,0.62,0,Spices
G023,Cloves (Syzygium aromaticum),6,26.49,5.86,5.99,8.41,34.52,28.07,6.46,18.73,781,2679,605,3428,0,567,45.07,0,9.41,0.43,1845,427,0,Spices
G024,Coriander seeds (Coriandrum sativum),6,8.72,10.66,5.36,17.47,44.81,35.27,9.54,12.98,1125,952,10769,2247,0,718,1.31,0,17.64,0.77,809,53.84,0,Spices
G025,Cumin seeds (Cuminum cyminum),6,10.59,13.91,5.9,16.64,30.35,25.73,4.62,22.62,1274,619,8379,4313,0,878,12.1,0,20.58,0.75,817,47,0,Spices
G026,Fenugreek seeds (Trigonella foenum graecum),6,7.82,25.41,2.93,5.72,47.55,27.63,19.92,10.57,983,770,675,3133,0,135,1.98,0,8.47,0.12,31.75,4.99,0,Spices
G027,Mace (Myristica fragrans),6,20.06,6.24,2.47,24.41,20.31,16.78,3.54,26.51,1488,9304,9302,4731,0,174,44.92,0,22.69,0.28,28.22,98.68,0,Spices
G028,Nutmeg (Myristica fragrans),6,15.55,6.3,1.99,36.52,11.99,10.54,1.46,27.64,1940,3359,1637,379,0,148,46.67,0,2.33,0.59,194,59.31,0,Spices
G029,Omum (Trachyspermum ammi),6,9.71,15.89,8.18,21.11,20.58,17.2,3.38,24.53,1495,1112,13879,5193,0,1034,2.62,0,13.65,0.47,1020,47.73,0,Spices
G030,Pippali (Piper longum),6,10.95,10.53,6.41,2.27,34.14,29.57,4.57,35.7,906,602,327,885,0,414,118,0,7.99,0.51,367,37.97,0,Spices
G031,"Pepper, black (Piper nigrum)",6,13.18,10.12,4.58,2.74,33.16,30.61,2.54,36.22,910,654,463,1076,0,405,25.68,0,11.91,0.23,431,136,0,Spices
G032,Poppy seeds (Papaver somniferum),6,4.22,20.31,6.04,30.38,26.68,15.62,11.06,12.37,1768,2074,2353,13847,0,1372,33.92,0,10.13,0.77,1631,21.79,0,Spices
G033,Turmeric powder (Curcuma domestica),6,10.58,7.66,6.13,5.03,21.38,18.79,2.59,49.22,1174,1634,448,1940,0,122,18.67,0,46.08,0.49,1531,2.63,0,Spices
H001,Almond (Prunus amygdalus),6,4.37,18.41,2.62,58.49,13.06,10.55,2.52,3.04,2549,4358,38336,13215,0,228,1.61,0,4.59,0.76,344,11.88,0.74,Nuts
H002,"Arecanut, dried, brown (Areca catechu)",6,6.63,5.78,1.39,4.35,11.44,10.14,1.3,70.42,1467,2605,466,403,0,61,12.77,0,2.74,0.71,0,7.93,0,Nuts
H003,"Arecanut, dried, red color (Areca catechu)",3,6.3,6.46,1.41,4.46,11.11,10.09,1.03,70.27,1477,1674,987,918,0,51,12.6,0,3.26,0.83,0,8.76,0,Nuts
H004,"Arecanut, fresh (Areca catechu)",2,37.7,2.73,1.43,5.51,7.63,6.59,1.03,45,1024,3389,599,522,0,34.03,11.03,0,1.04,1.06,0,12.56,0,Nuts
H005,Cashew nut (Anacardium occidentale),6,4.44,18.78,2.25,45.2,3.86,2.23,1.63,25.46,2438,7816,27907,7482,0,34,3.85,0,5.95,1.05,189,7.73,0,Nuts
H006,"Coconut, kernal, dry (Cocos nucifera)",6,3.97,7.27,1.61,63.26,15.88,14.55,1.33,8.01,2611,43138,3710,929,0,32,0,0,3.13,1,6.83,117,0,Fruits
H007,"Coconut, kernel, fresh (Cocos nucifera)",6,36.14,3.84,1.93,41.38,10.42,9.43,0.99,6.3,1711,28048,2449,639,0,8,0,0,1.3,0.89,3.44,1.82,0.8,Fruits
H008,"Garden cress, seeds (Lepidium sativum)",5,4.6,23.36,6.37,23.74,8.27,6.33,1.95,33.66,1863,4101,8131,10464,0,318,1.92,0,17.2,0.21,60.04,2.08,0,Seeds
H009,"Gingelly seeds, black (Sesamum indicum)",6,4.51,19.17,5.78,43.1,17.16,13.57,3.59,10.29,2124,6317,15605,19259,0,1664,67.83,0,13.9,0.47,2156,4.56,0,Seeds
H010,"Gingelly seeds, brown (Sesamum indicum)",4,3.62,21.61,4.58,43.22,17.21,13.58,3.63,9.76,2161,6250,15989,19078,0,1174,76.51,0,14.95,0.21,2030,54.18,0,Seeds
H011,"Gingelly seeds, white (Sesamum indicum)",5,3.3,21.7,4.13,43.05,16.99,13.49,3.51,10.83,2174,6430,16124,18597,0,1283,62.74,0,15.04,0.33,2004,56.42,0,Seeds
H012,Ground nut (Arachis hypogea),6,6.97,23.65,2.11,39.63,10.38,8.58,1.79,17.27,2176,8144,18337,11584,0,54,7.1,0,3.44,0.25,60.98,61.34,0,Nuts
H013,Mustard seeds (Brassica juncea),6,5.67,19.51,3.73,40.19,14.1,10.63,3.47,16.8,2132,2112,21032,8910,0,402,31.79,0,13.49,1.4,6.92,67.49,0,Seeds
H014,Linseeds (Linum usitatissimum),6,5.48,18.55,3.15,35.67,26.17,21.83,4.33,10.99,1857,2968,5112,16147,0,257,0.55,0,5.44,0.4,5.85,9.73,0,Seeds
H015,"Niger seeds, black (Guizotia abyssinica)",4,4.65,18.92,3.91,38.61,10.93,10.5,0.43,22.98,2144,5945,9033,21935,0,572,2.52,0,18.19,0.31,1913,102,0,Seeds
H016,"Niger seeds, gray (Guizotia abyssinica)",5,5.66,18.34,4.92,39.53,10.96,10.54,0.41,20.59,2128,9737,4452,23564,0,375,2.7,0,19.61,0.2,1544,343,0,Seeds
H017,Pine seed (Pinus gerardiana),5,5.32,12.55,2.78,48.79,3.79,2.23,1.57,26.77,2486,3801,18624,24202,0,17,0.61,0,4.5,1,159,15.26,0,Seeds
H018,Pistachio nuts (Pistacla vera),6,4.68,23.35,3.02,42.49,10.64,8.23,2.41,15.82,2257,4043,18922,11946,0,135,1.8,0,4.5,2.65,46.42,3.24,0,Nuts
H019,Safflower seeds (Carthamus tinctorius),5,5.24,17.66,2.57,30.87,13.49,10.24,3.25,30.18,1981,2548,3589,18781,0,211,1.91,0,4.06,0.52,215,1.95,0,Seeds
H020,Sunflower seeds (Helianthus annuus),5,3.53,23.53,3.44,51.85,10.8,8.51,2.29,6.85,2453,6159,17803,25580,0,176,1.54,0,5.85,0.6,23.7,33.42,0,Seeds
H021,Walnut (Juglans regia),6,3.56,14.92,1.72,64.27,5.39,4.74,0.65,10.14,2809,5208,11316,44915,0,105,46.31,0,3.21,0.36,37.03,15.32,0.88,Nuts
I001,"Jaggery, cane (Saccharum officinarum)",6,11.2,1.85,1.92,0.16,0,0,0,84.87,1480,69.23,21.67,33.1,0,107,0.47,0,4.63,3.79,0,5.24,0,Sugar
I002,"Sugarcane, juice (Saccharum officinarum)",6,85.54,0.16,0.23,0.4,0.56,0.4,0.16,13.11,242,140,29.7,173,0,18,0.41,0,1.12,2.27,0,3.55,6.73,Juice
J001,"Button mushroom, fresh (Agaricus sp.)",1,90.09,3.68,0.71,0.42,3.11,2.76,0.35,1.98,115,62.89,6.82,263,0,18.38,20.54,0,0.29,0,10.23,5.61,0,Vegetables
J002,"Chicken mushroom, fresh (Lactiporus sp.)",1,92.43,1.84,0.74,0.25,1.99,1.82,0.18,2.76,89,59.6,3.02,137,0,4.83,27.58,0,0.3,0,12.56,6.48,0.45,Vegetables
J003,"Shiitake mushroom, fresh (Lentinula sp.)",1,82.94,3.19,1.11,0.76,3.02,2.03,0.99,8.98,243,116,12.33,480,0,5.3,36.4,0,1.93,0,15.84,6.25,0,Vegetables
J004,"Oyster mushroom, dried (Pleurotus sp.)",1,4.51,19.04,1.41,2.86,39.12,35.64,3.48,33.07,1019,422,73.96,1792,0,23.61,109,0,3.58,0,20.65,6.97,0,Vegetables
K001,Toddy,10,93.86,0.18,0.21,0.03,0,0,0,5.72,101,30.65,34.68,65.18,0,0.44,0,0,0.42,0,0,0,0.92,Juice
K002,Coconut Water,6,95.77,0.26,0.65,0.16,0,0,0,3.16,64,93.49,24.11,3.73,0,27.47,0,0,0.06,0,0,0,0.64,Juice
L001,"Milk, whole, Buffalo",6,80.68,3.68,0.67,6.58,0,0,0,8.39,449,4630,1919,200,4.12,121,1.63,0,0.16,0.39,0,0,2.37,Dairy
L002,"Milk, whole, Cow",6,86.64,3.26,0.68,4.48,0,0,0,4.94,305,2707,1214,138,4.28,118,1.22,0,0.15,0.18,0,0,2.01,Dairy
L003,Paneer,6,51.96,18.86,1.98,14.78,0,0,0,12.41,1079,8851,4300,439,9.12,476,0.13,0,0.9,1.11,0,5.21,0,Dairy
L004,Khoa,6,42.51,16.34,4,20.62,0,0,0,16.53,1322,12936,5664,790,12.86,602,0.12,0,2.32,1.57,0,25.26,0,Dairy
M001,"Egg, poultry, whole, raw",6,76.51,13.28,0.81,9.15,0,0,0,0,564,2958,3481,1152,0,49.44,0,0.84,1.82,0,0,0,0,Eggs
M002,"Egg, poultry, white, raw",6,86.68,10.84,0.75,0.06,0,0,0,0,187,0,0,0,0,5.64,0,1.05,0.07,0,0,0,0,Eggs
M003,"Egg, poultry, yolk, raw",6,53.57,15.74,1.05,26.34,0,0,0,0,1242,8580,10068,3238,0,116,0,3.25,3.17,0,0,0,0,Eggs
M004,"Egg, poultry, whole, boiled",6,73.46,13.43,0.86,10.54,0,0,0,0,618,3464,3991,1294,0,55.12,0,0.74,1.87,0,0,0,0,Eggs
M005,"Egg, poultry, white, boiled",6,83.54,12.37,0.81,0.26,0,0,0,0,220,0,0,0,0,8.07,0,0.18,0.15,0,0,0,0,Eggs
M006,"Egg, poultry, yolk, boiled",6,51.42,16.13,1.38,27.46,0,0,0,0,1290,8819,10643,3333,0,120,0,3.04,4.92,0,0,0,0,Eggs
M007,"Egg, poultry, omlet",3,68.48,16.53,0.96,11.6,0,0,0,0,710,3179,4615,3168,0,53.26,0,2.98,2.16,0,0,0,0,Eggs
M008,"Egg, country hen, whole, raw",1,72.96,13.14,0.86,13,0,0,0,0,704,3792,5061,1936,0,50.14,0,4.46,1.64,0,0,0,0,Eggs
M009,"Egg, country hen, whole, boiled",1,70.43,14.43,0.94,14.1,0,0,0,0,767,4074,5747,1882,0,57.79,0,2.99,1.73,0,0,0,0,Eggs
M010,"Egg, country hen, omlet",1,67.8,14.8,1.08,16.3,0,0,0,0,855,4886,6424,2317,0,55.88,0,3.44,2.15,0,0,0,0,Eggs
M011,"Egg, duck, whole, boiled",1,71.61,13.8,0.97,13.61,0,0,0,0,738,3598,6098,1745,0,56.12,0,1.9,2.61,0,0,0,0,Eggs
M012,"Egg, duck, whole, raw",1,70.53,14.6,0.99,13.83,0,0,0,0,760,3373,6063,1684,0,52.46,0,2.67,2.46,0,0,0,0,Eggs
M013,"Egg, duck, whole, omlet",1,68.9,15.1,1.18,14.8,0,0,0,0,804,3871,6483,1886,0,71.79,0,2.1,3.28,0,0,0,0,Eggs
M014,"Egg, quial, whole, raw",1,75.11,12.39,0.94,11.46,0,0,0,0,635,2788,4210,2399,0,60.67,0,5.72,2.55,0,0,0,0,Eggs
M015,"Egg, quial, whole, boiled",1,74.41,13.03,0.99,11.5,0,0,0,0,647,2726,4391,2403,0,61.35,0,4.91,2.63,0,0,0,0,Eggs
N001,"Chicken, poultry, leg, skinless",4,67.61,19.44,1.14,12.64,0,0,0,0,1605,1157,1560,661,0,20.52,0,1.12,1.27,0,0,0,0,White Meat
N002,"Chicken, poultry, thigh, skinless",6,67.58,18.18,1.14,14.23,0,0,0,0,836,1071,1461,520,0,18.37,0,1.22,1.11,0,0,0,0,White Meat
N003,"Chicken, poultry, breast, skinless",5,67.15,21.81,1.19,9,0,0,0,0,704,816,991,367,0,12.91,0,1.38,0.83,0,0,0,0,White Meat
N004,"Chicken, poultry, wing, skinless",5,67.48,17.42,1.13,13.81,0,0,0,0,807,1241,1777,658,0,28.13,0,1.11,1.38,0,0,0,0,White Meat
N005,"Poultry, chicken, liver",1,73.2,21.57,1.11,4.08,0,0,0,0,518,1328,681,1013,0,4.1,0,2.62,9.92,0,0,0,0,White Meat
N006,"Poultry, chicken, gizzard",1,78.05,18.22,1.46,2.07,0,0,0,0,386,772,716,464,0,5.46,0,1.6,3.19,0,0,0,0,White Meat
N007,"Country hen, leg, with skin",1,70.02,17.01,1.2,11.73,0,0,0,0,723,534,681,400,0,22.56,0,1.12,1.66,0,0,0,0,White Meat
N008,"Country hen, thigh, with skin",1,67.46,18.29,1.23,12.82,0,0,0,0,785,610,750,360,0,20.12,0,1.05,1.4,0,0,0,0,White Meat
N009,"Country hen, breast, with skin",1,66.53,22.08,1.14,10.2,0,0,0,0,753,419,453,262,0,12.49,0,0.8,1.09,0,0,0,0,White Meat
N010,"Country hen, wing, with skin",1,68.01,18.65,1.14,12.09,0,0,0,0,764,688,836,451,0,35.46,0,0.61,1.45,0,0,0,0,White Meat
N011,"Duck, meat, with skin",1,73.49,19.07,1.22,6.03,0,0,0,0,547,345,2215,304,0,22.77,0,0.91,4.26,0,0,0,0,White Meat
N012,"Emu, meat, skinless",1,71.65,22.65,0.98,4.62,0,0,0,0,556,200,242,144,0,7.4,0,0.67,3.95,0,0,0,0,Red Meat
N013,"Guinea fowl, meat, with skin",1,75.21,20.52,0.92,3.24,0,0,0,0,469,1138,928,995,0,30.77,0,1.02,2.2,0,0,0,0,White Meat
N014,"Pigeon, meat, with skin",1,74.61,17.94,1.32,6.03,0,0,0,0,528,1828,2588,1282,0,18.11,0,1.2,3.81,0,0,0,0,White Meat
N015,"Quail, meat, skinless",1,71.58,20.92,1.35,5.95,0,0,0,0,576,2024,2789,810,0,20.6,0,1.53,1.9,0,0,0,0,White Meat
N016,"Turkey, leg, with skin",1,69.24,20.3,1.21,8.15,0,0,0,0,647,980,938,1058,0,20.44,0,0.5,2.01,0,0,0,0,White Meat
N017,"Turkey, thigh, with skin",1,72.17,20.46,0.97,6.31,0,0,0,0,581,1015,927,1035,0,23.52,0,0.36,1.58,0,0,0,0,White Meat
N018,"Turkey, breast, with skin",1,68.44,21.96,1.01,8.04,0,0,0,0,671,934,884,1055,0,14.35,0,0.52,1.01,0,0,0,0,White Meat
N019,"Turkey, wing, with skin",1,66.16,21.91,0.97,10.77,0,0,0,0,771,897,826,913,0,33.49,0,0.52,1,0,0,0,0,White Meat
O001,"Goat, shoulder",6,66.39,20.33,0.9,11.94,0,0,0,0,787,5444,4902,643,0,6.18,0,0.8,1.48,0,0,0,0,Red Meat
O002,"Goat, chops",6,72.46,20.39,0.99,5.98,0,0,0,0,568,2877,2346,259,0,7.44,0,0.4,1.87,0,0,0,0,Red Meat
O003,"Goat, legs",6,68.85,22.07,0.97,7.94,0,0,0,0,669,3665,3038,567,0,5.76,0,0.28,1.77,0,0,0,0,Red Meat
O004,"Goat, brain",5,76.74,13.82,1.29,8.06,0,0,0,0,533,2138,1447,939,0,10.61,0,0.3,1.63,0,0,0,0,Red Meat
O005,"Goat, tongue",4,68.4,16.63,1.02,13.68,0,0,0,0,789,5028,4916,758,0,7.11,0,0.02,2.09,0,0,0,0,Red Meat
O006,"Goat, lungs",4,79.03,16.86,0.74,3.09,0,0,0,0,401,1564,894,374,0,10.44,0,0.09,7.1,0,0,0,0,Red Meat
O007,"Goat, heart",5,75.15,19.38,0.95,4.4,0,0,0,0,492,1939,1025,427,0,5.71,0,0.6,3.38,0,0,0,0,Red Meat
O008,"Goat, liver",6,73.37,20.32,1.3,4.88,0,0,0,0,526,1770,921,924,0,6.09,0,0.56,6.56,0,0,0,0,Red Meat
O009,"Goat, tripe",5,80.94,15.36,0.23,3.36,0,0,0,0,386,1682,1154,246,0,20.87,0,0,0.81,0,0,0,0,Red Meat
O010,"Goat, spleen",4,77.93,18.45,1.15,2.37,0,0,0,0,401,1200,616,352,0,8.35,0,0.1,51.41,0,0,0,0,Red Meat
O011,"Goat, kidneys",4,80.26,15.6,1.1,2.93,0,0,0,0,374,1143,566,480,0,12.37,0,0,6.73,0,0,0,0,Red Meat
O012,"Goat, tube (small intestine)",3,78.12,12.92,0.54,8.26,0,0,0,0,525,4445,2504,619,0,27.52,0,0,2.21,0,0,0,0,Red Meat
O013,"Goat, testis",2,84.29,12.32,0.87,2.39,0,0,0,0,298,1215,590,382,0,5.95,0,0.55,1.43,0,0,0,0,Red Meat
O014,"Sheep, shoulder",5,66.51,18.24,0.86,14.31,0,0,0,0,840,6916,5096,1099,0,5.46,0,0.07,1.63,0,0,0,0,Red Meat
O015,"Sheep, chops",4,75.66,18,1.09,5.15,0,0,0,0,496,2773,1916,309,0,7.98,0,0.47,2.24,0,0,0,0,Red Meat
O016,"Sheep, leg",5,68.26,21.42,0.94,8.69,0,0,0,0,686,3745,2605,669,0,6.87,0,2.14,1.54,0,0,0,0,Red Meat
O017,"Sheep, brain",1,78.36,13.05,1.19,7.29,0,0,0,0,492,2040,1183,866,0,10.27,0,1.06,1.93,0,0,0,0,Red Meat
O018,"Sheep, tongue",1,68.7,16.61,1.06,13.53,0,0,0,0,783,5576,5875,938,0,8.05,0,0,2.46,0,0,0,0,Red Meat
O019,"Sheep, lungs",2,80.41,16.12,0.97,2.41,0,0,0,0,363,1138,767,301,0,7.74,0,0.12,8.58,0,0,0,0,Red Meat
O020,"Sheep, heart",1,77.06,18.19,0.97,3.66,0,0,0,0,445,1677,873,332,0,6.79,0,0.8,3.07,0,0,0,0,Red Meat
O021,"Sheep, liver",4,69.71,22.26,1.26,4.87,0,0,0,0,559,1822,772,1014,0,5.92,0,0.31,6.15,0,0,0,0,Red Meat
O022,"Sheep, tripe",2,78.81,16.76,0.26,4.05,0,0,0,0,435,1962,1534,210,0,14.85,0,0,0.9,0,0,0,0,Red Meat
O023,"Sheep, spleen",1,79.66,16.02,1.17,3.02,0,0,0,0,384,1533,764,466,0,11.49,0,0,53.11,0,0,0,0,Red Meat
O024,"Sheep, kidneys",2,79.77,16.22,1,2.92,0,0,0,0,384,1127,588,463,0,14.15,0,0.37,6.11,0,0,0,0,Red Meat
O025,"Beef, shoulder",6,63.84,20.56,0.95,14.59,0,0,0,0,889,7046,6227,1008,0,6.5,0,0.46,2.22,0,0,0,0,Red Meat
O026,"Beef, chops",4,72.4,19.82,0.96,6.71,0,0,0,0,585,3031,2680,437,0,4.64,0,0.47,1.95,0,0,0,0,Red Meat
O027,"Beef, round (leg)",6,68.04,22.64,1.19,7.38,0,0,0,0,658,2998,3280,480,0,5.86,0,0.43,2.3,0,0,0,0,Red Meat
O028,"Beef, brain",4,78.71,10.55,1.37,9.28,0,0,0,0,523,2490,1869,848,0,11.38,0,0.69,2.15,0,0,0,0,Red Meat
O029,"Beef, tongue",4,70.97,15.63,0.73,12.57,0,0,0,0,731,6287,4741,484,0,9.49,0,0.61,2.17,0,0,0,0,Red Meat
O030,"Beef, lungs",3,80.83,15.66,1.13,2.28,0,0,0,0,351,1198,647,244,0,9.31,0,0,6.85,0,0,0,0,Red Meat
O031,"Beef, heart",5,77.77,17.68,0.87,3.57,0,0,0,0,433,1479,848,490,0,6.16,0,5.71,3.62,0,0,0,0,Red Meat
O032,"Beef, liver",6,74.15,20.73,1.07,3.96,0,0,0,0,499,1543,826,566,0,5.46,0,0,14.82,0,0,0,0,Red Meat
O033,"Beef, tripe",5,83.74,13.1,0.55,2.51,0,0,0,0,316,1371,833,95.26,0,15.3,0,4,0.84,0,0,0,0,Red Meat
O034,"Beef, spleen",6,79.03,17.42,1.22,2.22,0,0,0,0,378,1160,480,393,0,9.4,0,0.33,31.68,0,0,0,0,Red Meat
O035,"Beef, kidneys",3,77.59,17.09,1.22,4.01,0,0,0,0,439,1743,835,291,0,15.31,0,0.53,4.71,0,0,0,0,Red Meat
O036,"Calf, shoulder",2,70.49,20.98,0.94,7.47,0,0,0,0,633,3510,2647,689,0,8.39,0,0,1.31,0,0,0,0,Red Meat
O037,"Calf, chops",2,72.66,22.47,0.92,3.85,0,0,0,0,524,1966,1034,449,0,9.27,0,0.74,1.2,0,0,0,0,Red Meat
O038,"Calf, round (leg)",2,71.13,21.1,0.74,6.92,0,0,0,0,615,2263,2433,497,0,10.03,0,0.97,2.4,0,0,0,0,Red Meat
O039,"Calf, brain",2,81.19,9.84,1.26,7.6,0,0,0,0,448,2202,1460,603,0,10.53,0,0.61,1.44,0,0,0,0,Red Meat
O040,"Calf, tongue",2,69.44,17.78,0.93,11.76,0,0,0,0,737,5630,4406,737,0,9.08,0,0,2.63,0,0,0,0,Red Meat
O041,"Calf, heart",1,73.44,18.84,0.86,3.75,0,0,0,0,459,1489,696,773,0,6.48,0,0,4.66,0,0,0,0,Red Meat
O042,"Calf, liver",1,73.66,21.02,1.26,3.95,0,0,0,0,503,1616,670,643,0,5.19,0,0,16.26,0,0,0,0,Red Meat
O043,"Calf, spleen",1,78.65,17.71,1.41,2.12,0,0,0,0,379,1030,513,397,0,10.56,0,0.29,25.42,0,0,0,0,Red Meat
O044,"Calf, kidneys",2,80.23,15.16,1.02,3.5,0,0,0,0,387,1464,660,491,0,12.63,0,0,4.92,0,0,0,0,Red Meat
O045,"Mithun, shoulder",1,68.86,19.05,0.84,11.14,0,0,0,0,736,4436,2157,3613,0,4.27,0,0.06,2.05,0,0,0,0,Red Meat
O046,"Mithun, chops",1,73.81,18.19,0.79,6.12,0,0,0,0,536,2736,1276,1596,0,4.88,0,0.08,2.25,0,0,0,0,Red Meat
O047,"Mithun, round (leg)",1,72.25,19.61,0.9,4.1,0,0,0,0,485,1442,1918,1700,0,5.32,0,0.04,2.18,0,0,0,0,Red Meat
O048,"Pork, shoulder",6,62.92,17.41,0.75,18.83,0,0,0,0,993,6887,8114,2129,0,9.95,0,9.03,0.91,0,0,0,0,Red Meat
O049,"Pork, chops",6,68.4,19.41,0.64,11.3,0,0,0,0,748,4803,4972,660,0,8.12,0,4.83,1,0,0,0,0,Red Meat
O050,"Pork, ham",6,61.94,18.83,0.62,18.55,0,0,0,0,1006,6938,8065,1875,0,7.4,0,5.85,1.27,0,0,0,0,Red Meat
O051,"Pork, lungs",4,81.12,15.13,0.93,2.74,0,0,0,0,358,1247,867,469,0,10.3,0,1.91,6.76,0,0,0,0,Red Meat
O052,"Pork, heart",4,77.74,16.31,1.01,4.87,0,0,0,0,457,1575,1247,1019,0,4.74,0,0,3.97,0,0,0,0,Red Meat
O053,"Pork, liver",5,74.88,19.89,1.18,3.94,0,0,0,0,484,1325,700,896,0,5.52,0,2.97,20.74,0,0,0,0,Red Meat
O054,"Pork, stomach",1,76.51,15.36,0.23,7.81,0,0,0,0,550,3327,2690,1090,0,11.75,0,0.42,1.92,0,0,0,0,Red Meat
O055,"Pork, spleen",3,80.93,15.13,1.13,2.71,0,0,0,0,357,1245,820,397,0,6.98,0,0,27.21,0,0,0,0,Red Meat
O056,"Pork, kidneys",5,80.92,14.35,0.97,3.65,0,0,0,0,379,1169,846,714,0,6.71,0,2.92,6.26,0,0,0,0,Red Meat
O057,"Pork, tube (small intestine)",1,75.42,14.96,0.55,8.98,0,0,0,0,587,4109,3174,892,0,16.05,0,1.01,2.83,0,0,0,0,Red Meat
O058,"Hare, shoulder",1,71.06,21.13,1.17,6.58,0,0,0,0,603,2698,1606,1720,0,57.51,0,0.06,2.98,0,0,0,0,Red Meat
O059,"Hare, chops",1,75.47,20.62,1.27,2.55,0,0,0,0,445,1028,613,690,0,38.36,0,0.09,2.78,0,0,0,0,Red Meat
O060,"Hare, leg",1,73,20.52,1.26,4.16,0,0,0,0,503,910,514,555,0,53.02,0,0.08,2.46,0,0,0,0,Red Meat
O061,"Rabbit, shoulder",1,70.75,20.01,1.19,7.96,0,0,0,0,635,3142,2332,1813,0,46.37,0,0.57,1.74,0,0,0,0,White Meat
O062,"Rabbit, chops",1,71.03,22.61,1.35,4.88,0,0,0,0,565,1907,1480,1083,0,25.48,0,0.7,2.42,0,0,0,0,White Meat
O063,"Rabbit, leg",1,70.33,21.31,1.26,5.99,0,0,0,0,584,1575,1203,877,0,22.31,0,0.43,1.21,0,0,0,0,White Meat
P001,Allathi (Elops machnata),1,75.91,21.77,1.06,0.98,0,0,0,0,406,346,165,261,0,13.78,0,1.03,0.62,0,0,0,0,Seafood
P002,Aluva (Parastromateus niger),3,75.71,21.63,1.39,1.8,0,0,0,0,434,755,288,490,0,11.32,0,0.79,0.42,0,0,0,0,Seafood
P003,Anchovy (Stolephorus indicus),2,77.77,19.88,1.62,0.78,0,0,0,0,367,248,50.36,290,0,36.6,0,2.76,0.54,0,0,0,0,Seafood
P004,Ari fish (Aprion virescens ),1,77.09,22.01,1.34,1.11,0,0,0,0,415,408,166,319,0,4.36,0,1.02,0.47,0,0,0,0,Seafood
P005,Betki (Lates calcarifer),1,82.52,15.28,1.12,0.29,0,0,0,0,284,86.4,53.27,57.36,0,8.84,0,1.05,0.31,0,0,0,0,Seafood
P006,Black snapper (Macolor niger),1,78.09,19.5,1.19,1.24,0,0,0,0,377,470,251,293,0,9.91,0,1.31,0.56,0,0,0,0,Seafood
P007,Bombay duck (Harpadon nehereus),2,83.24,13.53,1.07,1.03,0,0,0,0,287,398,171,252,0,159,0,0.96,0.81,0,0,0,0,Seafood
P008,Bommuralu (Muraenesox cinerius),3,76.42,22.3,1.21,2.87,0,0,0,0,485,1238,701,594,0,47.33,0,3.19,0.43,0,0,0,0,Seafood
P009,Cat fish (Tachysurus thalassinus),1,76.22,22.18,1.32,2.13,0,0,0,0,456,792,430,619,0,5.54,0,1.42,0.72,0,0,0,0,Seafood
P010,Chakla (Rachycentron canadum),5,78.36,20.21,1.07,1.68,0,0,0,0,406,654,352,422,0,6.55,0,2.07,0.41,0,0,0,0,Seafood
P011,Chappal (Aluterus monoceros ),1,80.61,17.17,1.23,0.67,0,0,0,0,317,199,74.51,208,0,10.22,0,0.21,1.29,0,0,0,0,Seafood
P012,Chelu (Elagatis bipinnulata),2,76.36,20.02,1.28,0.7,0,0,0,0,366,229,104,179,0,8.17,0,0.86,0.67,0,0,0,0,Seafood
P013,Chembali (Lutjanus quinquelineatus),1,77.54,20.06,0.86,1.77,0,0,0,0,406,700,369,440,0,23.72,0,0.72,0.31,0,0,0,0,Seafood
P014,Eri meen (Pristipomoides filamentosus),1,76.54,22.3,1.28,2.02,0,0,0,0,454,739,340,666,0,12.45,0,0.33,0.46,0,0,0,0,Seafood
P015,Gobro (Epinephelus diacanthus),2,78.84,19.37,0.98,0.88,0,0,0,0,362,289,138,251,0,24.18,0,0.15,0.36,0,0,0,0,Seafood
P016,Guitar fish (Rhinobatus prahli),1,75.73,22.56,1.32,0.44,0,0,0,0,400,114,36.87,143,0,17.32,0,0.12,0.44,0,0,0,0,Seafood
P017,Hilsa (Tenualosa ilisha),2,60.09,21.8,1.11,18.49,0,0,0,0,1083,9286,6021,1801,0,19.82,0,4.96,1.19,0,0,0,0,Seafood
P018,Jallal (Arius sp.),1,77.5,21.55,1.17,1.46,0,0,0,0,420,519,311,389,0,14.73,0,0.94,0.46,0,0,0,0,Seafood
P019,Jathi vela meen (Lethrinus lentjan),2,75.66,22.45,1.26,1.92,0,0,0,0,453,837,519,294,0,6.65,0,0.93,0.28,0,0,0,0,Seafood
P020,Kadal bral (Synodus indicus),1,79.66,18.72,1.27,1.34,0,0,0,0,368,478,192,436,0,73.92,0,1.2,0.31,0,0,0,0,Seafood
P021,Kadali (Nemipterus mesoprion),1,73.74,22.07,1.06,4.2,0,0,0,0,530,1611,818,1342,0,8.62,0,0.84,0.38,0,0,0,0,Seafood
P022,Kalamaara (Leptomelanosoma indicum),2,75.5,20.89,1.08,4.54,0,0,0,0,523,2107,1079,907,0,7.54,0,1.45,0.5,0,0,0,0,Seafood
P023,Kalava (Epinephelus coioides),1,80.02,19.38,1.34,1.2,0,0,0,0,374,455,250,275,0,10.66,0,1.86,0.26,0,0,0,0,Seafood
P024,Kanamayya (Lutjanus rivulatus),2,77.59,20.19,1.07,0.65,0,0,0,0,367,209,113,168,0,7.72,0,0.82,0.36,0,0,0,0,Seafood
P025,Kannadi paarai (Alectis indicus),3,76.25,22.09,1.28,1.27,0,0,0,0,423,479,234,329,0,9.04,0,0.1,0.31,0,0,0,0,Seafood
P026,Karimeen (Etroplus suratensis),1,78.66,19.68,0.97,1.38,0,0,0,0,386,577,290,274,0,11.73,0,0.87,0.6,0,0,0,0,Seafood
P027,Karnagawala (Anchoa hepsetus),1,79.22,19.52,1.45,0.84,0,0,0,0,363,255,85.26,301,0,60.03,0,1.24,0.44,0,0,0,0,Seafood
P028,Kayrai (Thunnus albacores),2,72.69,20.15,1.28,3,0,0,0,0,454,1096,583,980,0,6,0,3.12,0.98,0,0,0,0,Seafood
P029,Kiriyan (Atule mate),1,72.39,22.49,0.94,4.7,0,0,0,0,556,2102,1068,1069,0,19.42,0,0.38,1,0,0,0,0,Seafood
P030,Kite fish (Mobula kuhlii),1,77.61,23.07,1.5,0.56,0,0,0,0,413,169,67.62,143,0,11.02,0,0.03,1.38,0,0,0,0,Seafood
P031,Korka (Terapon jarbua),1,72.25,23.72,1.09,3.36,0,0,0,0,528,1407,687,898,0,11.12,0,0.34,0.73,0,0,0,0,Seafood
P032,Kulam paarai (Carangoides fulvoguttatus),1,73.44,21.62,1.25,3.6,0,0,0,0,501,1430,678,1107,0,15.17,0,2.45,0.5,0,0,0,0,Seafood
P033,Maagaa (Polynemus plebeius),1,79.23,20.11,1.01,0.67,0,0,0,0,366,201,96.12,146,0,8.42,0,1.18,0.23,0,0,0,0,Seafood
P034,Mackerel (Rastrelliger kanagurta),3,74.55,21.51,1.2,1.53,0,0,0,0,423,604,216,470,0,31.27,0,0.22,1.46,0,0,0,0,Seafood
P035,Manda clathi (Naso reticulatus),1,76.32,21.27,1.48,1,0,0,0,0,398,337,171,278,0,11.48,0,1.46,0.43,0,0,0,0,Seafood
P036,Matha (Acanthurus mata),2,79.81,21.17,1.35,0.79,0,0,0,0,389,297,106,188,0,14.02,0,1.95,0.32,0,0,0,0,Seafood
P037,Milk fish (Chanos chanos),1,72.22,23.66,1.12,1.09,0,0,0,0,442,366,188,321,0,29.18,0,1.2,1.35,0,0,0,0,Seafood
P038,Moon fish (Mene maculata),1,74.21,20.74,1.69,4.69,0,0,0,0,526,2929,932,374,0,29.18,0,0.48,1.67,0,0,0,0,Seafood
P039,Mullet (Mugil cephalus),3,76.12,20.23,1.16,1.32,0,0,0,0,393,495,219,378,0,35.2,0,0.31,1.31,0,0,0,0,Seafood
P040,Mural (Tylosurus crocodilus crocodilus),1,78.96,19.04,1.11,0.58,0,0,0,0,345,349,80.76,354,0,8.61,0,0.86,0.24,0,0,0,0,Seafood
P041,Myil meen (Istiophorus platypterus),2,75.57,22.89,1.21,0.56,0,0,0,0,410,150,55.25,179,0,7.2,0,0.18,1.2,0,0,0,0,Seafood
P042,Nalla bontha (Epinephelus sp.),1,79.32,19.82,1,0.72,0,0,0,0,364,238,127,166,0,9.04,0,0.54,0.31,0,0,0,0,Seafood
P043,Narba (Caranx sexfasciatus),2,76.37,21.95,1.17,1.6,0,0,0,0,432,603,259,487,0,7.21,0,0.19,1.11,0,0,0,0,Seafood
P044,Paarai (Caranx heberi),1,75.77,21.58,1.21,1.84,0,0,0,0,435,720,276,578,0,13.52,0,1.4,0.69,0,0,0,0,Seafood
P045,Padayappa (Canthidermis maculata),1,79.18,19.7,1.26,0.69,0,0,0,0,360,169,83.65,248,0,9.83,0,0.62,0.33,0,0,0,0,Seafood
P046,Pali kora (Panna microdon),1,78.63,19.25,1,1.81,0,0,0,0,394,761,352,431,0,17.03,0,0.11,0.42,0,0,0,0,Seafood
P047,Pambada (Lepturacanthus savala),2,74.67,21.95,1.41,4.44,0,0,0,0,537,1959,857,1185,0,16.53,0,1.15,0.38,0,0,0,0,Seafood
P048,Pandukopa (Pseudosciaena manchurica),1,77.46,19.73,1.15,0.65,0,0,0,0,360,195,89.63,182,0,12.18,0,0.2,0.47,0,0,0,0,Seafood
P049,Parava (Lactarius lactarius),1,77.19,21.5,1.08,2.74,0,0,0,0,467,1184,621,610,0,29.12,0,1.12,3.58,0,0,0,0,Seafood
P050,Parcus (Psettodes erumei),1,79.01,19.87,1.12,0.62,0,0,0,0,361,166,70.55,197,0,21.08,0,0.57,0.28,0,0,0,0,Seafood
P051,Parrot fish (Scarus ghobban),1,76.84,20.82,1.4,0.57,0,0,0,0,375,174,135,78,0,9.21,0,0.67,0.38,0,0,0,0,Seafood
P052,Perinkilichai (Pinjalo pinjalo),1,78.33,20.89,1.02,0.87,0,0,0,0,387,290,101,278,0,7.25,0,0.36,0.29,0,0,0,0,Seafood
P053,Phopat (Coryphaena hippurus),4,76.42,22.05,1.24,1.33,0,0,0,0,424,441,198,456,0,9.32,0,0.43,0.47,0,0,0,0,Seafood
P054,Piranha (Pygopritis sp.),1,76.15,20.46,0.93,5.43,0,0,0,0,549,1973,2357,589,0,14.85,0,1.06,0.5,0,0,0,0,Seafood
P055,"Pomfret, black (Parastromateus niger)",1,74.43,18.91,0.97,4.83,0,0,0,0,515,2229,972,1161,0,18.1,0,2.28,0.78,0,0,0,0,Seafood
P056,"Pomfret, snub nose (Trachinotus blochii)",2,77.81,21.05,1.29,0.46,0,0,0,0,375,145,72.77,128,0,6.57,0,0.51,0.41,0,0,0,0,Seafood
P057,"Pomfret, white (Pampus argenteus)",2,75.91,19.02,1.01,5.12,0,0,0,0,513,2669,1049,919,0,13.64,0,0.61,0.31,0,0,0,0,Seafood
P058,Pranel (Gerres sp.),1,79.54,19.69,0.76,1.89,0,0,0,0,405,827,374,419,0,21.88,0,0.54,0.41,0,0,0,0,Seafood
P059,Pulli paarai (Gnathanodon speciosus),1,75.99,20.06,1.19,1.55,0,0,0,0,399,593,208,505,0,21.84,0,1.6,0.35,0,0,0,0,Seafood
P060,Queen fish (Scomberoides commersonianus),3,76.63,20.97,1.22,1.17,0,0,0,0,400,693,332,536,0,5.75,0,0.19,0.49,0,0,0,0,Seafood
P061,Raai fish (Lobotes surinamensis),2,77.14,21.61,1.11,1.69,0,0,0,0,430,654,311,465,0,11.09,0,2.99,0.46,0,0,0,0,Seafood
P062,Raai vanthu (Epinephelus chlorostigma),1,79.95,19.39,0.92,2.17,0,0,0,0,410,864,423,596,0,8.72,0,1.23,0.36,0,0,0,0,Seafood
P063,Rani (Pink perch),1,78.55,18.83,1.01,1.49,0,0,0,0,377,2926,1878,1112,0,37.9,0,1.84,0.87,0,0,0,0,Seafood
P064,"Ray fish, bow head, spotted (Rhina ancylostoma)",1,80.3,19.03,1.15,0.7,0,0,0,0,349,187,98.7,222,0,9.64,0,0.81,0.25,0,0,0,0,Seafood
P065,Red snapper (Lutjanus argentimaculatus),1,76.28,22.79,1.26,1.34,0,0,0,0,437,485,299,325,0,8.39,0,2.32,0.37,0,0,0,0,Seafood
P066,"Red snapper, small (Priacanthus hamrur)",1,76.31,21.5,1.1,2.3,0,0,0,0,451,861,407,734,0,17.43,0,3.05,0.57,0,0,0,0,Seafood
P067,Sadaya (Platax orbicularis ),1,75.53,20.68,1.32,2.97,0,0,0,0,462,1059,444,1128,0,9.08,0,1.56,0.47,0,0,0,0,Seafood
P068,Salmon (Salmo salar),1,67.84,20.97,1.13,9.86,0,0,0,0,721,4305,2453,2297,0,24.3,0,0.86,0.98,0,0,0,0,Seafood
P069,Sangada (Nemipterus japonicus),1,78.51,20.26,1.26,2.67,0,0,0,0,443,1128,513,706,0,7.9,0,0.92,0.99,0,0,0,0,Seafood
P070,Sankata paarai (Caranx ignobilis),1,74.88,21.87,1.18,1.68,0,0,0,0,434,3317,1876,1746,0,6.03,0,0.58,0.99,0,0,0,0,Seafood
P071,Sardine (Sardinella longiceps),1,72.29,17.91,0.84,8.99,0,0,0,0,637,1250,630,770,0,42.26,0,3.51,0.83,0,0,0,0,Seafood
P072,Shark (Carcharhinus sorrah),2,72.82,21.6,1.08,0.83,0,0,0,0,398,275,126,230,0,8.44,0,0.18,0.38,0,0,0,0,Seafood
P073,"Shark, hammer head (Sphyrna mokarran)",1,74.61,23.4,0.92,0.8,0,0,0,0,432,264,103,232,0,7.92,0,0.58,0.86,0,0,0,0,Seafood
P074,"Shark, spotted (Stegostoma fasciatum)",1,78.83,20.95,1.04,0.75,0,0,0,0,384,253,137,169,0,8.1,0,1.23,0.54,0,0,0,0,Seafood
P075,Shelavu (Sphyraena jello),4,74.6,22.46,1.26,1.74,0,0,0,0,446,677,369,431,0,11.42,0,1.77,0.52,0,0,0,0,Seafood
P076,Silan (Silonia silondia),1,70.12,22.72,0.77,6.68,0,0,0,0,633,3615,3199,1140,0,28.82,0,0.18,0.56,0,0,0,0,Seafood
P077,Silk fish (Beryx sp.),1,77.61,20.65,1.05,1.53,0,0,0,0,408,497,281,506,0,10.46,0,0.68,0.3,0,0,0,0,Seafood
P078,Silver carp (Hypophthalmichthys molitrix),1,72.47,21.71,0.95,5.17,0,0,0,0,555,1826,1964,894,0,85.55,0,0.69,0.58,0,0,0,0,Seafood
P079,Sole fish (Cynoglossus arel),1,80.18,19.05,1.06,1.18,0,0,0,0,367,416,167,370,0,47.28,0,1.12,0.33,0,0,0,0,Seafood
P080,Stingray (Dasyatis pastinaca),1,75.67,23.98,1.14,0.68,0,0,0,0,408,289,173,174,0,9.16,0,0.67,0.74,0,0,0,0,Seafood
P081,Tarlava (Drepane punctata),2,76.76,21.72,1.14,1.2,0,0,0,0,414,504,207,265,0,11.68,0,2.35,0.53,0,0,0,0,Seafood
P082,Tholam (Plectorhinchus schotaf),2,76.2,20.78,1.06,2.13,0,0,0,0,432,856,510,481,0,11.4,0,2.8,0.6,0,0,0,0,Seafood
P083,Tilapia (Oreochromis niloticus),1,79.57,18.48,1.18,1.08,0,0,0,0,349,413,254,199,0,99.39,0,0.85,2.84,0,0,0,0,Seafood
P084,Tuna (Euthynnus affinis),5,72.12,24.5,1.11,1.44,0,0,0,0,470,660,300,575,0,9.82,0,0.11,1.6,0,0,0,0,Seafood
P085,"Tuna, striped (Katsuwonus pelamis)",1,77.76,21.28,0.87,1.12,0,0,0,0,403,424,168,306,0,6.45,0,0.65,1.43,0,0,0,0,Seafood
P086,Valava (Chirocentrus nudus),1,77.25,21.8,1.27,1.06,0,0,0,0,410,403,107,336,0,37.06,0,0.25,0.24,0,0,0,0,Seafood
P087,Vanjaram (Scomberomorus commerson ),2,72.3,22.28,1.33,5.18,0,0,0,0,570,2229,1078,1384,0,9.85,0,1.57,0.41,0,0,0,0,Seafood
P088,Vela meen (Aprion virescens),1,71.82,22.16,1.34,4.34,0,0,0,0,537,1857,851,1199,0,14.9,0,0.92,0.64,0,0,0,0,Seafood
P089,Vora (Siganus javus),2,76.94,20.14,1.26,2.14,0,0,0,0,422,1207,467,647,0,7.64,0,0.6,0.27,0,0,0,0,Seafood
P090,Whale shark (Galeocerdo cuvier),1,77.59,21.83,1.48,0.82,0,0,0,0,401,266,135,220,0,8.32,0,1.82,0.33,0,0,0,0,Seafood
P091,Xiphinis (Xiphias gladius),1,79.22,19.82,1.15,0.88,0,0,0,0,370,363,184,134,0,12.08,0,0.02,0.54,0,0,0,0,Seafood
P092,"Eggs, Cat fish (Ompok bimaculatus)",1,69.34,24.68,1.57,5.28,0,0,0,0,600,1818,1125,1436,0,61.69,0,2.8,6.65,0,0,0,0,Seafood
Q001,Crab (Menippe mercenaria),1,79.77,10.23,1.74,1.41,0,0,0,0,343,214,140,256,0,128,0,0.21,1.1,0,0,0,0,Seafood
Q002,"Crab, sea (Portunus sanguinolentus)",1,79.67,15.36,0.92,0.6,0,0,0,0,283,129,64.32,146,0,333,0,0.63,0.98,0,0,0,0,Seafood
Q003,"Lobster, brown (Thenus orientalis)",1,81.48,15.96,1.29,0.56,0,0,0,0,292,106,72.73,118,0,73.06,0,0.78,0.77,0,0,0,0,Seafood
Q004,"Lobster, king size (Thenus orientalis)",1,77.77,18.54,1.08,0.78,0,0,0,0,375,174,129,206,0,66.44,0,0.19,0.35,0,0,0,0,Seafood
Q005,Mud crab (Scylla tranquebarica),1,83.1,10,2.6,0.55,0,0,0,0,190,95.11,66.63,129,0,201,0,0.94,0.87,0,0,0,0,Seafood
Q006,Oyster (Crassostrea sp.),1,82.5,9.51,2.47,2.44,0,0,0,0,252,1087,298,651,0,126,0,0.82,0.9,0,0,0,0,Seafood
Q007,"Tiger prawns, brown (Solenocera crassicornis)",1,82.41,14.85,0.94,0.56,0,0,0,0,273,121,76.53,101,0,37.81,0,1.18,0.73,0,0,0,0,Seafood
Q008,"Tiger Prawns, orange (Penaeus monodon)",1,81.48,14.25,0.83,0.74,0,0,0,0,270,177,88.3,204,0,71.89,0,1.62,0.39,0,0,0,0,Seafood
R001,"Clam, green shell (Perna viridis)",1,80.07,12.14,2.44,0.98,0,0,0,0,243,285,92.24,263,0,121,0,0.86,1.01,0,0,0,0,Seafood
R002,"Clam, white shell, ribbed (Meretrix meretrix)",1,80.27,11.82,0.85,1.34,0,0,0,0,250,441,127,418,0,50,0,2.08,0.94,0,0,0,0,Seafood
R003,Octopus (Octopus vulgaris),1,80.45,14.71,1.21,1.12,0,0,0,0,334,325,69.95,383,0,22.1,0,0.43,1.08,0,0,0,0,Seafood
R004,"Squid, black (Loligo sp.)",1,80.59,16.1,0.99,1.07,0,0,0,0,335,287,56.42,388,0,22.98,0,0.57,0.5,0,0,0,0,Seafood
R005,"Squid, hard shell (Sepia pharaonis)",1,80.52,16.82,0.75,0.93,0,0,0,0,320,227,61.67,303,0,8.73,0,0.78,0.62,0,0,0,0,Seafood
R006,"Squid, red (Loligo duvauceli)",2,80.85,16.25,1.15,1.44,0,0,0,0,329,448,83.36,545,0,14.15,0,1.05,0.26,0,0,0,0,Seafood
R007,"Squid, white, small (Uroteuthis duvauceli )",1,79.38,17.41,1.19,1.15,0,0,0,0,353,304,62.57,441,0,36.46,0,0.55,0.39,0,0,0,0,Seafood
S001,Cat fish (Tandanus tandanus),2,77.23,15.86,0.93,6.24,0,0,0,0,518,2182,2055,978,0,21.99,0,1.37,0.82,0,0,0,0,Seafood
S002,Catla (Catla catla),6,78.43,17.94,0.94,2.15,0,0,0,0,394,1670,1237,815,0,43.53,0,1.9,1.14,0,0,0,0,Seafood
S003,Freshwater Eel (Anguilla anguilla),1,75.57,20.41,1.03,2.63,0,0,0,0,451,981,733,600,0,52.99,0,3.81,1.54,0,0,0,0,Seafood
S004,Gold fish (Carassius auratus),2,79.07,16.91,1.1,2.94,0,0,0,0,396,1077,625,0.85,0,47.89,0,0.21,0.76,0,0,0,0,Seafood
S005,Pangas (Pangasianodon hypophthalmus),6,68.5,17.12,1.12,16.77,0,0,0,0,852,863,714,510,0,11.19,0,0.2,0.69,0,0,0,0,Seafood
S006,Rohu (Labeo rohita),6,76.34,19.71,1.28,2.39,0,0,0,0,428,2047,2618,747,0,39.37,0,0.84,1.04,0,0,0,0,Seafood
S007,Crab (Pachygrapsus sp.),1,80.58,13.23,1.23,0.89,0,0,0,0,327,214,140,256,0,199,0,1.2,1.1,0,0,0,0,Seafood
S008,"Prawns, big (Macrobrachium rosenbergii)",1,77.43,19.24,0.84,0.52,0,0,0,0,380,86.86,56.77,94.61,0,48.55,0,0.35,0.78,0,0,0,0,Seafood
S009,"Prawns, small (Macrobrachium sp.)",3,82.58,13.07,0.86,0.78,0,0,0,0,297,197,152,166,0,67.99,0,0.95,0.87,0,0,0,0,Seafood
S010,Tiger prawns (Macrobrachium sp.),2,83.24,14.24,0.83,0.66,0,0,0,0,284,134,120,136,0,57.9,0,1.34,0.84,0,0,0,0,Seafood
