,code,name,regn,retol,ergcal,chocal,doh25,tocpha,tocphb,tocphg,tocphd,toctra,toctrb,toctrg,toctrd,vite,vitk1,vitk2
0,A001,"Amaranth seed, black (Amaranthus cruentus)",1,0,58.67,0,0,0.05,0.28,0.04,0,0,0,0,0,0.17,1.80,0
1,A002,"Amaranth seed, pale brown (Amaranthus cruentus)",6,0,53.98,0,0,0.06,0.22,0.03,0,0,0,0,0,0.15,2.50,0
2,A003,Bajra (Pennisetum typhoideum),6,0,5.65,0,0,0.10,0,1.42,0,0,0,0,0,0.24,2.85,0
3,A004,Barley (Hordeum vulgare),6,0,0,0,0,0.01,0,0,0,0,0,0,0,0.01,1.85,0
4,A005,Jowar (Sorghum vulgare),6,0,3.96,0,0,0.04,0,0.27,0,0,0,0,0,0.06,43.82,0
5,A006,"Maize, dry (Zea mays)",6,0,33.60,0,0,0.21,0,1.29,0.38,0.05,0,0,0,0.36,2.50,0
6,A007,"Maize, tender, local (Zea mays)",6,0,42.34,0,0,0.05,0,0.40,0.03,0,0,0,0,0.09,2.00,0
7,A008,"Maize, tender, sweet (Zea mays)",4,0,16.94,0,0,0.07,0,0.30,0.03,0,0,0,0,0.10,1.80,0
8,A009,Quinoa (Chenopodium quinoa),1,0,0,0,0,2.08,0.06,2.85,0,0,0,0,0,2.08,2.00,0
9,A010,Ragi (Eleusine coracana),5,0,41.46,0,0,0.09,0,0.66,0,0,0,0,0,0.16,3.00,0
10,A011,Rice flakes (Oryza sativa),6,0,0,0,0,0.05,0,0,0,0,0,0,0,0.05,1.00,0
11,A012,Rice puffed (Oryza sativa ),6,0,0,0,0,0.04,0,0,0,0,0,0,0,0.04,1.00,0
12,A013,"Rice, raw, brown (Oryza sativa )",6,0,0,0,0,0.62,0.05,0.42,0,0.03,0,0.05,0.02,0.69,2.00,0
13,A014,"Rice, parboiled, milled (Oryza sativa)",6,0,0,0,0,0.06,0,0.13,0,0.05,0,0,0,0.09,1.50,0
14,A015,"Rice, raw, milled (Oryza sativa)",6,0,0,0,0,0.04,0,0.06,0,0.03,0,0.05,0,0.06,1.50,0
15,A016,Samai (Panicum miliare),6,0,3.75,0,0,0.28,0.67,0,0,0,0,0.28,0,0.55,4.47,0
16,A017,Varagu (Setaria italica),5,0,0,0,0,0.03,0,0.43,0,0,0,0.19,0,0.07,3.75,0
17,A018,"Wheat flour, refined (Triticum aestivum)",6,0,6.73,0,0,0.05,0,0,0,0.02,0,0,0,0.05,1.00,0
18,A019,"Wheat flour, atta (Triticum aestivum)",6,0,13.43,0,0,0.21,0.06,0,0,0.06,0,0,0,0.26,1.50,0
19,A020,"Wheat, whole (Triticum aestivum)",6,0,17.49,0,0,0.60,0.37,0,0,0.07,0,0,0,0.77,1.75,0
20,A021,"Wheat, bulgur (Triticum aestivum)",6,0,6.27,0,0,0.20,0,0,0,0.05,0,0,0,0.21,1.50,0
21,A022,"Wheat, semolina (Triticum aestivum)",6,0,8.19,0,0,0.16,0.07,0,0,0.05,0,0,0,0.20,1.20,0
22,A023,"Wheat, vermicelli (Triticum aestivum)",6,0,4.06,0,0,0.03,0,0,0,0.03,0,0,0,0.03,1.00,0
23,A024,"Wheat, vermicelli, roasted (Triticum aestivum)",6,0,3.21,0,0,0.01,0,0,0,0.02,0,0,0,0.01,1.00,0
24,B001,"Bengal gram, dal (Cicer arietinum)",6,0,1.75,0,0,0.08,0,1.13,0.03,0,0,0,0,0.19,1.50,0
25,B002,"Bengal gram, whole (Cicer arietinum)",6,0,1.93,0,0,1.59,0,1.33,0.08,0,0,0,0,1.72,2.10,0
26,B003,"Black gram, dal (Phaseolus mungo)",6,0,8.42,0,0,0.04,0,1.29,0.05,0,0,0,0,0.17,8.30,0
27,B004,"Black gram, whole (Phaseolus mungo)",6,0,16.84,0,0,0.09,0,1.35,0.08,0,0,0,0,0.23,10.80,0
28,B005,"Cowpea, brown (Vigna catjang)",6,0,0.92,0,0,0.33,0,3.50,2.44,0,0,0,0,0.70,1.75,0
29,B006,"Cowpea, white (Vigna catjang)",1,0,0.93,0,0,0.32,0,3.06,2.70,0,0,0,0,0.65,1.70,0
30,B007,"Field bean, black (Phaseolus vulgaris)",1,0,4.35,0,0,0.24,0,2.69,0.07,0,0,0,0,0.51,21.50,0
31,B008,"Field bean, brown (Phaseolus vulgaris)",1,0,4.24,0,0,0.25,0,2.74,0.06,0,0,0,0,0.53,20.70,0
32,B009,"Field bean, white (Phaseolus vulgaris)",5,0,4.26,0,0,0.25,0,2.65,0.07,0,0,0,0,0.52,22.65,0
33,B010,"Green gram, dal (Phaseolus aureus)",6,0,2.05,0,0,0.06,0,1.66,0,0,0,0,0,0.23,8.30,0
34,B011,"Green gram, whole (Phaseolus aureus)",6,0,3.15,0,0,0.13,0,2.08,0,0,0,0,0.26,0.33,12.63,0
35,B012,"Horse gram, whole (Dolicus biflorus)",6,0,1.80,0,0,0.06,0,2.06,0,0,0,0,0,0.27,10.24,0
36,B013,Lentil dal (Lens culinaris),6,0,1.31,0,0,0.02,0,1.37,0.23,0,0,0,0,0.16,3.75,0
37,B014,"Lentil whole, brown (Lens culinaris)",6,0,14.52,0,0,0.03,0,1.64,0.30,0,0,0,0,0.19,7.27,0
38,B015,"Lentil whole, yellowish (Lens culinaris)",2,0,17.68,0,0,0.03,0,1.58,0.30,0,0,0,0,0.19,5.25,0
39,B016,Moth bean (Vigna aconitifolia),6,0,9.77,0,0,0.29,0,5.04,0.26,0,0,0,0,0.79,22.75,0
40,B017,"Peas, dry (Pisum sativum)",6,0,15.21,0,0,0.07,0,2.50,0,0,0,0,0,0.32,11.45,0
41,B018,"Rajmah, black (Phaseolus vulgaris)",2,0,27.98,0,0,0.05,0,1.62,0,0,0,0,0,0.21,5.05,0
42,B019,"Rajmah, brown (Phaseolus vulgaris)",6,0,25.82,0,0,0.08,0,1.58,0,0,0,0,0,0.23,5.50,0
43,B020,"Rajmah, red (Phaseolus vulgaris)",3,0,26.73,0,0,0.07,0,1.56,0,0,0,0,0,0.23,4.90,0
44,B021,"Red gram, dal (Cajanus cajan)",6,0,2.12,0,0,0.13,0,0.63,0.06,0,0,0,0,0.19,42.25,0
45,B022,"Red gram, whole (Cajanus cajan)",6,0,2.78,0,0,0.65,0,1.53,0.11,0,0,0,0,0.80,91.83,0
46,B023,Ricebean (Vigna umbellata ),1,0,8.26,0,0,0.90,0,1.43,0,0.05,0,0.18,0,1.06,21.85,0
47,B024,"Soya bean, brown (Glycine max)",6,0,66.22,0,0,1.04,0,2.28,0.58,0.05,0,0,0,1.29,45.80,0
48,B025,"Soya bean, white (Glycine max)",1,0,69.81,0,0,1.06,0,2.50,0.30,0.04,0,0,0,1.33,46.20,0
49,C001,Agathi leaves (Sesbania grandiflora),1,0,4.02,0,0,1.48,0.22,0.18,0,0.60,0,0.18,0,1.77,269,0
50,C002,"Amaranth leaves, green (Amaranthus gangeticus)",6,0,16.01,0,0,0.41,0,0.26,0,0,0,0,0,0.44,280,0
51,C003,"Amaranth leaves, red mix (Amaranthus gangeticus)",1,0,15.10,0,0,0.44,0,0.21,0,0,0,0,0,0.46,312,0
52,C004,"Amaranth leaves, red and green mix (Amaranthus gangeticus)",4,0,15.25,0,0,0.42,0,0.25,0,0,0,0,0,0.45,284,0
53,C005,"Amaranth spinosus, leaves, green mix (Amaranthus spinosus)",4,0,15.23,0,0,0.28,0,0.03,0,0,0,0,0,0.28,443,0
54,C006,"Amaranth spinosus, leaves, red and green (Amaranthus spinosus)",2,0,15.04,0,0,0.28,0,0.04,0,0,0,0,0,0.28,448,0
55,C007,Basella leaves (Basella alba),2,0,9.18,0,0,0.15,0,0.04,0,0.03,0,0,0,0.16,236,0
56,C008,Bathua leaves (Chenopodium album),2,0,1.01,0,0,0.25,0,0,0,0,0,0,0,0.25,224,0
57,C009,Beet greens (Beta vulgaris),6,0,1.65,0,0,0.15,0.17,0,0,0,0,0,0,0.21,69.45,0
58,C010,"Betel leaves, big (kolkata) (Piper betle)",6,0,3.78,0,0,0.04,0,0.05,0,0.02,0,0,0,0.05,207,0
59,C011,"Betel leaves, small (Piper betle)",4,0,2.27,0,0,0.02,0,0.05,0,0.02,0,0,0,0.03,204,0
60,C012,Brussels sprouts (Brassica oleracea var. gemmifera),1,0,0.26,0,0,0.21,0,0,0,0,0,0,0,0.21,23.60,0
61,C013,"Cabbage, Chinese (Brassica rupa)",1,0,0.39,0,0,0.25,0,0,0,0,0,0,0,0.25,111,0
62,C014,"Cabbage, collard greens (Brassica oleracea var. viridis)",1,0,0.18,0,0,0.20,0,0,0,0,0,0,0,0.20,125,0
63,C015,"Cabbage, green (Brassica oleracea var. capitata f. alba)",6,0,0.21,0,0,0.05,0,0,0,0,0,0,0,0.05,113,0
64,C016,"Cabbage, violet (Brassica oleracea var. capitata f. rubra)",2,0,0.19,0,0,0.03,0,0,0,0,0,0,0,0.03,117,0
65,C017,Cauliflower leaves (Brassica oleracea var. botrytis),6,0,4.15,0,0,0.08,0,0,0.11,0,0,0,0,0.08,144,0
66,C018,"Colocasia leaves, green (Colocasia anti-quorum)",6,0,1.70,0,0,0.07,0,0,0,0,0,0,0,0.07,318,0
67,C019,Drumstick leaves (Moringa oleifera),3,0,14.33,0,0,0.30,0,0.05,0,0.02,0,0,0,0.31,479,0
68,C020,Fenugreek leaves (Trigonella foenum graecum),5,0,2.36,0,0,0.36,0,0,0,0,0,0,0,0.36,428,0
69,C021,Garden cress (Lepidium sativum),2,0,0.55,0,0,0.74,0,0,0,0,0,0,0,0.74,458,0
70,C022,"Gogu leaves, green (Hibiscus cannabinus)",4,0,4.28,0,0,0.46,0,0.43,0,0,0,0,0,0.50,433,0
71,C023,"Gogu leaves, red (Hibiscus cannabinus)",1,0,4.27,0,0,0.47,0,0.32,0,0,0,0,0,0.50,438,0
72,C024,"Knol-Khol, leaves (Brassica oleracea var. gongylodes)",2,0,0.59,0,0,0.53,0,0,0,0,0,0,0,0.53,295,0
73,C025,Lettuce (Lactuca sativa),3,0,0.10,0,0,0.01,0,0,0,0,0,0,0,0.01,91.08,0
74,C026,Mustard leaves (Brassica juncea),3,0,5.40,0,0,0.56,0,0.02,0,0,0,0,0,0.57,192,0
75,C027,Pak Choi leaves (Brassica rapa var. Chinensis),1,0,0.10,0,0,0.03,0,0,0,0,0,0,0,0.03,39.85,0
76,C028,Parsley (Petroselinum crispum),3,0,5.55,0,0,0.35,0,0,0,0,0,0,0,0.35,322,0
77,C029,Ponnaganni (Alternanthera sessilis),2,0,0.65,0,0,0.52,0.02,0,0,0.04,0,0,0,0.54,574,0
78,C030,"Pumpkin leaves, tender (Cucurbita maxima)",6,0,3.19,0,0,1.24,0.28,3.25,0,0.02,0.03,0,0,1.69,243,0
79,C031,Radish leaves (Raphanus sativus),6,0,1.39,0,0,0.06,0.04,0,0,0,0,0,0,0.08,185,0
80,C032,Rumex leaves (Rumex patientia),2,0,0.10,0,0,0.46,0.03,0.45,0.18,0,0,0,0,0.51,126,0
81,C033,Spinach (Spinacia oleracea),6,0,0.26,0,0,1.27,0.01,0.06,0.03,0,0,0,0,1.29,325,0
82,C034,"Tamarind leaves, tender (Tamarindus indica)",3,0,2.62,0,0,0.69,0,1.18,0,0,0,0,0,0.81,249,0
83,D001,Ash gourd (Benincasa hispida),6,0,1.35,0,0,0.01,0,0.13,0,0,0,0,0,0.02,27.15,0
84,D002,"Bamboo shoot, tender (Bambusa vulgaris)",1,0,0.41,0,0,0,0,0.01,0.05,0,0,0,0,0,1.13,0
85,D003,"Bean scarlet, tender (Phaseolus coccineus)",5,0,1.40,0,0,0.15,0,0,0,0,0,0,0,0.15,60.10,0
86,D004,"Bitter gourd, jagged, teeth ridges, elongate (Momordica charantia)",6,0,1.92,0,0,0.01,0.03,0,0,0,0.11,0,0.07,0.03,4.55,0
87,D005,"Bitter gourd, jagged, teeth ridges, short (Momordica charantia)",4,0,1.90,0,0,0.01,0.04,0,0,0,0.11,0,0.08,0.03,4.85,0
88,D006,"Bitter gourd, jagged, smooth ridges, elongate (Momordica charantia)",1,0,1.83,0,0,0.01,0.03,0,0,0,0.09,0,0.10,0.03,4.70,0
89,D007,"Bottle gourd, elongate, pale green (Lagenaria vulgaris)",6,0,0.74,0,0,0.01,0,0,0,0.02,0,0,0,0.02,2.10,0
90,D008,"Bottle gourd, round, pale green (Lagenaria vulgaris)",5,0,0.70,0,0,0.01,0,0,0,0.03,0,0,0,0.01,2.06,0
91,D009,"Bottle gourd, elongate, dark green (Lagenaria vulgaris)",1,0,0.60,0,0,0.01,0,0,0,0.02,0,0,0,0.02,1.80,0
92,D010,Brinjal-1 (Solanum melongena),1,0,0.85,0,0,0.08,0,0,0,0,0,0,0,0.08,10.30,0
93,D011,Brinjal-2 (Solanum melongena),1,0,1.01,0,0,0.11,0,0,0,0,0,0,0,0.11,11.45,0
94,D012,Brinjal-3 (Solanum melongena),2,0,1.19,0,0,0.09,0,0,0,0,0,0,0,0.09,12.25,0
95,D013,Brinjal-4 (Solanum melongena),4,0,1.05,0,0,0.09,0,0,0,0,0,0,0,0.09,12.75,0
96,D014,Brinjal-5 (Solanum melongena),3,0,1.61,0,0,0.10,0,0,0,0,0,0,0,0.10,13.05,0
97,D015,Brinjal-6 (Solanum melongena),2,0,1.14,0,0,0.08,0,0,0,0,0,0,0,0.08,21.45,0
98,D016,Brinjal-7 (Solanum melongena),1,0,0.84,0,0,0.03,0,0,0,0,0,0,0,0.03,13.14,0
99,D017,Brinjal-8 (Solanum melongena),3,0,0.97,0,0,0.08,0,0,0,0,0,0,0,0.08,13.94,0
100,D018,Brinjal-9 (Solanum melongena),2,0,1.02,0,0,0.09,0,0,0,0,0,0,0,0.09,14.05,0
101,D019,Brinjal-10 (Solanum melongena),2,0,0.88,0,0,0.05,0,0,0,0,0,0,0,0.05,14.25,0
102,D020,Brinjal-11 (Solanum melongena),6,0,1.01,0,0,0.07,0,0,0,0,0,0,0,0.07,14.46,0
103,D021,Brinjal-12 (Solanum melongena),2,0,0.87,0,0,0.09,0,0,0,0,0,0,0,0.09,14.32,0
104,D022,Brinjal-13 (Solanum melongena),1,0,1.06,0,0,0.07,0,0,0,0,0,0,0,0.07,14.29,0
105,D023,Brinjal-14 (Solanum melongena),3,0,0.89,0,0,0.06,0,0,0,0,0,0,0,0.06,14.58,0
106,D024,Brinjal-15 (Solanum melongena),4,0,1.12,0,0,0.08,0,0,0,0,0,0,0,0.08,14.04,0
107,D025,Brinjal-16 (Solanum melongena),1,0,0.76,0,0,0.09,0,0,0,0,0,0,0,0.09,13.37,0
108,D026,Brinjal-17 (Solanum melongena),1,0,1.33,0,0,0.07,0,0,0,0,0,0,0,0.07,12.75,0
109,D027,Brinjal-18 (Solanum melongena),3,0,1.01,0,0,0.04,0,0,0,0,0,0,0,0.04,13.67,0
110,D028,Brinjal-19 (Solanum melongena),3,0,1.06,0,0,0.07,0,0,0,0,0,0,0,0.07,11.48,0
111,D029,Brinjal-20 (Solanum melongena),5,0,1.02,0,0,0.07,0,0,0,0,0,0,0,0.07,10.94,0
112,D030,Brinjal-21 (Solanum melongena),2,0,0.84,0,0,0.08,0,0,0,0,0,0,0,0.08,10.50,0
113,D031,Brinjal - all varieties (Solanum melongena),6,0,1.04,0,0,0.07,0,0,0,0,0,0,0,0.07,13.53,0
114,D032,Broad beans (Vicia faba),3,0,11.58,0,0,0.05,0.02,0,0,0,0,0,0,0.06,93.20,0
115,D033,"Capsicum, green (Capsicum annuum)",6,0,0.70,0,0,0.07,0,0,0,0,0,0,0,0.07,24.66,0
116,D034,"Capsicum, red (Capsicum annuum)",4,0,0.52,0,0,0.19,0,0,0,0,0,0,0,0.19,28.42,0
117,D035,"Capsicum, yellow (Capsicum annuum)",4,0,0.89,0,0,0.18,0,0,0,0,0,0,0,0.18,35.25,0
118,D036,Cauliflower (Brassica oleracea),6,0,1.32,0,0,0.02,0,0,0.09,0,0,0,0,0.02,14.33,0
119,D037,Celery stalk (Apium graveolens),3,0,1.39,0,0,0.03,0,0,0.02,0.01,0,0,0,0.03,25.87,0
120,D038,Cho-cho-marrow (Sechium edule),4,0,5.46,0,0,0.01,0,0.57,0,0.06,0,0,0,0.09,1.78,0
121,D039,Cluster beans (Cyamopsis tetragonobola),6,0,13.72,0,0,0.77,0,0.31,0.04,0,0,0.06,0,0.81,23.70,0
122,D040,"Colocasia, stem, black (Colocasia antiquorum)",1,0,0.21,0,0,0.06,0,0,0,0,0,0,0,0.06,35.75,0
123,D041,"Colocasia, stem, green (Colocasia antiquorum)",5,0,0.14,0,0,0.09,0,0,0,0,0,0,0,0.09,33.68,0
124,D042,"Corn, Baby (Zea mays)",6,0,31.20,0,0,0.13,0,0,0,0,0,0,0,0.13,75.05,0
125,D043,"Cucumber, green, elongate (Cucumis sativus)",6,0,1.26,0,0,0.02,0,0,0,0,0,0,0,0.02,8.20,0
126,D044,"Cucumber, green, short (Cucumis sativus)",6,0,1.36,0,0,0.02,0,0,0,0,0,0,0,0.02,8.00,0
127,D045,"Cucumber, orange, round (Cucumis sativus)",2,0,1.59,0,0,0.02,0,0,0,0,0,0,0,0.02,7.50,0
128,D046,Drumstick (Moringa oleifera),6,0,1.67,0,0,0.31,0,0,0,0,0,0,0,0.31,358,0
129,D047,"Field beans, tender, broad (Vicia faba)",2,0,7.14,0,0,0.08,0,0.25,0.06,0,0,0.04,0,0.11,26.45,0
130,D048,"Field beans, tender, lean (Vicia faba)",6,0,7.20,0,0,0.08,0,0.25,0.06,0,0,0.04,0,0.10,26.35,0
131,D049,"French beans, country (Phaseolus vulgaris)",5,0,1.82,0,0,0.06,0,0.12,0.09,0,0,0.03,0,0.07,15.12,0
132,D050,"French beans, hybrid (Phaseolus vulgaris)",2,0,1.85,0,0,0.08,0,0.13,0.08,0,0,0.08,0,0.09,15.14,0
133,D051,"Jack fruit, raw (Artocarpus heterophyllus)",5,0,6.84,0,0,0.05,0,0,0.06,0,0.08,0,0,0.05,22.30,0
134,D052,"Jack fruit, seed, mature (Artocarpus heterophyllus)",5,0,1.40,0,0,0.05,0,0,0.06,0,0.07,0,0,0.06,13.56,0
135,D053,Knol - Khol (Brassica oleracea),6,0,0.32,0,0,0.01,0,1.61,0.05,0,0,0,0,0.17,8.90,0
136,D054,"Kovai, big (Coccinia cordifolia)",6,0,6.25,0,0,0.70,0,0.14,0,0,0,0,0,0.72,19.15,0
137,D055,"Kovai, small (Coccinia cordifolia)",1,0,6.06,0,0,0.68,0,0.13,0,0,0,0,0,0.70,19.10,0
138,D056,Ladies finger (Abelmoschus esculentus),6,0,7.46,0,0,0.48,0,0.12,0,0,0,0,0,0.50,21.52,0
139,D057,"Mango, green, raw (Mangifera indica)",6,0,7.68,0,0,0.90,0,0.17,0,0,0,0,0,0.91,14.42,0
140,D058,"Onion, stalk (Allium cepa)",6,0,6.81,0,0,0.81,0,0,0,0,0,0,0,0.81,44.33,0
141,D059,"Papaya, raw (Carica papaya)",6,0,7.80,0,0,0.04,0,0,0,0.11,0,0,0,0.07,2.45,0
142,D060,Parwar (Trichosanthes dioica),6,0,0.69,0,0,0.04,0,0,0,0,0,0,0,0.04,8.37,0
143,D061,"Peas, fresh (Pisum sativum)",6,0,12.91,0,0,0.05,0,1.59,0,0,0,0,0,0.21,44.22,0
144,D062,"Plantain, flower (Musa x paradisiaca)",6,0,1.29,0,0,0.19,0,0,0,0,0,0,0,0.19,3.38,0
145,D063,"Plantain, green (Musa x paradisiaca)",6,0,0.27,0,0,0.08,0,0,0,0,0,0,0,0.08,17.42,0
146,D064,"Plantain, stem (Musa x paradisiaca)",6,0,0.32,0,0,0.02,0,0,0,0,0,0,0,0.02,2.50,0
147,D065,"Pumpkin, green, cylindrical (Cucurbita maxima)",1,0,1.07,0,0,0.86,0.02,0,0,0,0,0.01,0,0.87,80.80,0
148,D066,"Pumpkin, orange, round (Cucurbita maxima)",6,0,1.40,0,0,0.59,0.02,0,0,0,0,0.06,0,0.60,83.70,0
149,D067,"Red gram, tender, fresh (Cajanus cajan)",1,0,28.96,0,0,0.89,0,0.46,0.43,0,0,0,0,0.94,14.90,0
150,D068,Ridge gourd (Luffa acutangula),6,0,0.37,0,0,0.02,0,0,0,0,0,0.05,0,0.02,11.23,0
151,D069,"Ridge gourd, smooth skin (Luffa acutangula)",3,0,0.34,0,0,0.02,0,0,0,0,0,0.04,0,0.02,11.57,0
152,D070,"Snake gourd, long, pale green (Trichosanthes anguina)",6,0,2.67,0,0,0.01,0,0,0,0,0,0.04,0,0.01,8.35,0
153,D071,"Snake gourd, long, dark green (Trichosanthes anguina)",2,0,3.08,0,0,0.01,0,0,0,0,0,0.05,0,0.01,8.40,0
154,D072,"Snake gourd, short (Trichosanthes anguina)",1,0,3.12,0,0,0.01,0,0,0,0,0,0.05,0,0.01,8.30,0
155,D073,"Tinda, tender (Praecitrullus fistulosus)",6,0,2.76,0,0,0.05,0,0.03,0,0,0,0,0,0.05,2.73,0
156,D074,"Tomato, green (Lycopersicon esculentum)",6,0,1.10,0,0,0.37,0,0.11,0,0.04,0,0,0,0.39,16.10,0
157,D075,"Tomato, ripe, hybrid (Lycopersicon esculentum)",6,0,11.83,0,0,0.14,0,0.67,0,0.02,0,0,0,0.22,24.12,0
158,D076,"Tomato, ripe, local (Lycopersicon esculentum)",6,0,12.24,0,0,0.19,0,0.75,0,0.02,0,0,0,0.27,17.18,0
159,D077,"Zucchini, green (Cucurbita pepo)",2,0,0.40,0,0,3.90,0,0.05,0,0,0,0,0,3.90,41.05,0
160,D078,"Zucchini, yellow (Cucurbita pepo)",2,0,0.38,0,0,1.47,0,0.15,0,0,0,0,0,1.48,53.28,0
161,E001,"Apple, big (Malus domestica)",6,0,1.46,0,0,0.15,0,0,0,0,0,0,0,0.15,3.65,0
162,E002,"Apple, green (Malus domestica)",6,0,2.45,0,0,0.10,0,0,0,0,0,0,0,0.10,2.13,0
163,E003,"Apple, small (Malus domestica)",6,0,1.86,0,0,0.07,0,0,0,0,0,0,0,0.07,2.18,0
164,E004,"Apple, small, Kashmir (Malus domestica)",1,0,2.04,0,0,0.05,0,0,0,0,0,0,0,0.05,2.55,0
165,E005,"Apricot, dried (Prunus armeniaca)",6,0,3.98,0,0,0.07,0,0.07,0.29,0.09,0,0.04,0,0.11,5.17,0
166,E006,"Apricot, processed (Prunus armeniaca)",3,0,4.31,0,0,0.01,0,0.01,0.07,0.01,0,0.01,0,0.01,6.14,0
167,E007,Avocado fruit (Persea americana),1,0,2.10,0,0,0.02,0,0,0,0,0,0,0,0.02,38.74,0
168,E008,Bael fruit (Aegle marmelos),1,0,1.60,0,0,0.60,0,0,0,0,0,0,0,0.60,4.50,0
169,E009,"Banana, ripe, montham (Musa x paradisiaca)",1,0,0.20,0,0,0.08,0,0.07,0,0,0,0,0,0.09,2.20,0
170,E010,"Banana, ripe, poovam (Musa x paradisiaca)",2,0,0.24,0,0,0.07,0,0.08,0,0,0,0,0,0.08,2.60,0
171,E011,"Banana, ripe, red (Musa x paradisiaca)",1,0,0.21,0,0,0.09,0,0.06,0,0,0,0,0,0.09,1.90,0
172,E012,"Banana, ripe, robusta (Musa x paradisiaca)",6,0,0.22,0,0,0.08,0,0.05,0,0,0,0,0,0.09,2.80,0
173,E013,Black berry (Rubus fruticosus),5,0,14.65,0,0,0.49,0,0,0,0.07,0.05,0,0,0.52,1.82,0
174,E014,"Cherries, red (Prunus cerasus)",4,0,4.30,0,0,0.07,0,0,0,0,0,0,0,0.06,5.56,0
175,E015,"Currants, black (Ribes nigrum)",1,0,3.01,0,0,0.45,0,0,0,0,0,0,0,0.45,27.52,0
176,E016,Custard apple (Annona squamosa),1,0,0.18,0,0,0.19,0.01,0,0,0,0,0,0,0.19,58.00,0
177,E017,"Dates, dry, pale brown (Phoenix dactylifera)",6,0,2.60,0,0,0.02,0,0,0,0.03,0,0,0,0.03,3.34,0
178,E018,"Dates, dry, dark brown (Phoenix dactylifera)",2,0,0.68,0,0,0.01,0,0,0,0.06,0,0,0,0.03,4.53,0
179,E019,"Dates, processed (Phoenix dactylifera)",2,0,0.83,0,0,0.02,0,0,0,0.04,0,0,0,0.03,4.93,0
180,E020,Fig (Ficus carica),6,0,1.47,0,0,0.42,0,1.17,0,0,0,0,0,0.54,5.75,0
181,E021,Goosberry (Emblica officinalis),5,0,0.27,0,0,0.11,0,0.01,0.06,0.05,0,0,0,0.12,1.64,0
182,E022,"Grapes, seeded, round, black (Vitis vinifera)",4,0,6.19,0,0,0.05,0,0.02,0,0,0,0.01,0,0.05,3.65,0
183,E023,"Grapes, seeded, round, green (Vitis vinifera)",5,0,3.59,0,0,0.07,0,0.03,0,0,0,0.02,0,0.07,7.26,0
184,E024,"Grapes, seeded, round, red (Vitis vinifera)",5,0,6.87,0,0,0.07,0,0.04,0,0,0,0.01,0,0.07,5.20,0
185,E025,"Grapes, seedless, oval, black (Vitis vinifera)",5,0,6.42,0,0,0.05,0,0.04,0,0,0,0.04,0,0.05,3.40,0
186,E026,"Grapes, seedless, round, green (Vitis vinifera)",5,0,3.54,0,0,0.08,0,0.02,0,0,0,0.01,0,0.08,7.15,0
187,E027,"Grapes, seedless, round, black (Vitis vinifera)",5,0,6.23,0,0,0.06,0,0.04,0,0,0,0.02,0,0.06,3.00,0
188,E028,"Guava, white flesh (Psidium guajava)",5,0,1.68,0,0,0.06,0.02,0,0,0.04,0,0.03,0.74,0.09,3.68,0
189,E029,"Guava, pink flesh (Psidium guajava)",5,0,0.93,0,0,0.07,0.03,0,0,0.09,0,0.01,0.25,0.11,5.35,0
190,E030,"Jack fruit, ripe (Artocarpus heterophyllus)",5,0,7.49,0,0,0.06,0,0,0.06,0,0.09,0,0,0.07,37.00,0
191,E031,"Jambu fruit, ripe (Syzygium cumini)",2,0,0.82,0,0,0.04,0,0,0,0,0,0,0,0.04,7.94,0
192,E032,Karonda fruit (Carissa carandas),1,0,1.43,0,0,0.04,0,0,0,0,0,0,0,0.04,2.50,0
193,E033,"Lemon, juice (Citrus limon)",6,0,0.39,0,0,0.06,0,0,0,0,0,0,0,0.06,1.80,0
194,E034,"Lime, sweet,pulp (Citrus limetta)",6,0,0.30,0,0,0.07,0,0,0,0,0,0,0,0.07,2.20,0
195,E035,Litchi (Nephelium litchi),4,0,0.33,0,0,0.06,0,0,0,0,0,0,0,0.06,7.81,0
196,E036,"Mango, ripe, banganapalli (Mangifera indica)",6,0,3.71,0,0,0.26,0,0.20,0,0,0,0,0,0.28,4.77,0
197,E037,"Mango, ripe, gulabkhas (Mangifera indica)",2,0,3.91,0,0,0.19,0,0.16,0,0,0,0,0,0.20,4.80,0
198,E038,"Mango, ripe, himsagar (Mangifera indica)",3,0,3.73,0,0,0.29,0,0.20,0,0,0,0,0,0.31,4.40,0
199,E039,"Mango, ripe, kesar (Mangifera indica)",4,0,3.68,0,0,0.24,0,0.20,0,0,0,0,0,0.26,4.75,0
200,E040,"Mango, ripe, neelam (Mangifera indica)",2,0,3.72,0,0,0.24,0,0.19,0,0,0,0,0,0.29,5.00,0
201,E041,"Mango, ripe, paheri (Mangifera indica)",2,0,3.62,0,0,0.35,0,0.20,0,0,0,0,0,0.37,4.80,0
202,E042,"Mango, ripe, totapari (Mangifera indica)",1,0,3.77,0,0,0.27,0,0.26,0,0,0,0,0,0.30,4.60,0
203,E043,Mangosteen (Garcinia mangostana),1,0,0,0,0,0.05,0,0,0,0,0,0,0,0.05,5.50,0
204,E044,Manila tamarind (Pithecellobium dulce),1,0,0,0,0,0.38,0,0,0,0,0,0,0,0.38,33.18,0
205,E045,"Musk melon, orange flesh (Cucumis melon)",5,0,4.41,0,0,0.01,0,0,0,0,0,0,0,0.01,5.70,0
206,E046,"Musk melon, yellow flesh (Cucumis melon)",6,0,2.33,0,0,0.02,0,0,0,0,0,0,0,0.02,1.74,0
207,E047,"Orange, pulp (Citrus aurantium)",6,0,0.34,0,0,0.03,0,0,0,0.02,0,0,0,0.04,2.50,0
208,E048,"Palm fruit, tender (Borassus flabellifer)",1,0,0,0,0,0.01,0,0,0,0.03,0,0,0,0.02,3.60,0
209,E049,"Papaya, ripe (Carcia papaya)",6,0,11.47,0,0,0.03,0,0,0,0.02,0,0,0,0.04,2.59,0
210,E050,Peach (Prunus communis),1,0,2.41,0,0,0.02,0,0,0,0,0,0,0,0.02,4.40,0
211,E051,Pear (Pyrus sp.),6,0,1.48,0,0,0.29,0,0,0,0.04,0,0,0,0.30,12.57,0
212,E052,Phalsa (Grewia asiatica),2,0,1.34,0,0,0.87,0,0.58,0,0,0,0,0,0.93,5.36,0
213,E053,Pineapple (Ananas comosus),6,0,0.21,0,0,0.36,0,0,0,0.31,0,0,0,0.45,2.40,0
214,E054,Plum (Prunus domestica),3,0,3.32,0,0,0.50,0,0,0,0,0,0,0,0.50,8.50,0
215,E055,"Pomegranate, maroon seeds (Punica granatum)",6,0,109,0,0,0.01,0,0,0,0.05,0,0,0,0.03,18.50,0
216,E056,Pummelo (Citrus maxima),3,0,0.98,0,0,0.46,0.03,0,0,0,0,0,0,0.50,4.88,0
217,E057,"Raisins, dried, black (Vitis vinifera)",6,0,1.76,0,0,0.01,0,0,0,0.02,0,0,0,0.02,1.63,0
218,E058,"Raisins, dried, golden (Vitis vinifera)",6,0,11.87,0,0,0.01,0,0,0,0.03,0,0,0,0.02,1.71,0
219,E059,Rambutan (Nephelium lappaceum),1,0,2.40,0,0,0.08,0,0,0,0,0,0,0,0.08,19.70,0
220,E060,Sapota (Achras sapota),6,0,0.65,0,0,0.25,0,0,0,0,0,0,0,0.25,4.30,0
221,E061,Soursop ( Annona muricata ),1,0,3.24,0,0,0.06,0,0,0,0,0,0,0,0.06,2.60,0
222,E062,Star fruit (Averrhoa carambola),1,0,0.96,0,0,0.40,0,0,0,0,0,0,0,0.40,2.00,0
223,E063,Strawberry (Fragaria ananassa),6,0,3.95,0,0,0.26,0,0,0,0,0,0,0,0.26,19.81,0
224,E064,"Tamarind, pulp (Tamarindus indicus)",6,0,25.65,0,0,0.10,0,0,0,0,0,0,0,0.10,1.67,0
225,E065,"Water melon, dark green (sugar baby) (Citrullus vulgaris)",6,0,0.56,0,0,0.04,0,0,0,0,0,0,0,0.04,2.10,0
226,E066,"Water melon, pale green (Citrullus vulgaris)",6,0,0.56,0,0,0.05,0,0,0,0,0,0,0,0.05,2.80,0
227,E067,Wood Apple (Limonia acidissima),3,0,28.71,0,0,0.01,0.15,0,0,0,0,0,0,0.07,6.80,0
228,E068,Zizyphus (Zizyphus jujube),1,0,16.70,0,0,0.02,0,0,0,0,0,0,0,0.02,2.50,0
229,F001,Beet root (Beta vulgaris),6,0,0.18,0,0,0.09,0,0,0,0,0,0,0,0.09,2.98,0
230,F002,"Carrot, orange (Dacus carota)",6,0,1.36,0,0,0.19,0,0.18,0,0.03,0,0,0,0.21,18.35,0
231,F003,"Carrot, red (Dacus carota)",4,0,1.39,0,0,0.19,0,0.20,0,0.03,0,0,0,0.22,18.75,0
232,F004,Colocasia (Colocasia antiquorum),6,0,0.27,0,0,0.32,0,0.08,0.12,0,0,0,0,0.33,3.15,0
233,F005,Lotus root (Nelumbium nelumbo),3,0,0.27,0,0,0.73,0,0,0,0,0,0,0,0.73,44.45,0
234,F006,"Potato, brown skin, big (Solanum tuberosum)",6,0,0.19,0,0,0.06,0,0,0,0,0,0,0,0.06,2.12,0
235,F007,"Potato, brown skin, small (Solanum tuberosum)",1,0,0.22,0,0,0.07,0,0,0,0,0,0,0,0.07,1.80,0
236,F008,"Potato, red skin (Solanum tuberosum)",1,0,0.20,0,0,0.06,0,0,0,0,0,0,0,0.06,2.30,0
237,F009,"Radish, elongate, red skin (Raphanus sativus)",3,0,0.04,0,0,0.01,0,0,0,0,0,0,0,0.01,2.10,0
238,F010,"Radish, elongate, white skin (Raphanus sativus)",6,0,0.05,0,0,0.01,0,0,0,0,0,0,0,0.01,2.50,0
239,F011,"Radish, round, red skin (Raphanus sativus)",1,0,0.05,0,0,0.01,0,0,0,0,0,0,0,0.01,2.60,0
240,F012,"Radish, round, white skin (Raphanus sativus)",2,0,0.04,0,0,0.01,0,0,0,0,0,0,0,0.01,1.90,0
241,F013,"Sweet potato, brown skin (Ipomoes batatas)",4,0,1.26,0,0,0.01,0,0,0,0,0,0,0,0.01,3.00,0
242,F014,"Sweet potato, pink skin (Ipomoes batatas)",3,0,1.64,0,0,0.01,0,0,0,0,0,0,0,0.01,3.50,0
243,F015,Tapioca (Manihot esculenta),3,0,0.13,0,0,0.19,0,0,0,0,0,0,0,0.19,2.80,0
244,F016,Water Chestnut (Eleocharis dulcis),1,0,1.20,0,0,0.09,0,0,0,0,0,0,0,0.09,3.50,0
245,F017,"Yam, elephant (Amorphophallus campanulatus)",6,0,1.30,0,0,0.06,0.69,0,0,0.03,0,0.17,0,0.34,4.80,0
246,F018,"Yam, ordinary (Amorphophallus campanulatus)",4,0,0.23,0,0,0.23,0.35,0,0,0.04,0,0.43,0,0.39,5.50,0
247,F019,"Yam, wild (Dioscorea versicolor)",2,0,1.18,0,0,0.40,0.28,0,0,0.05,0,0.13,0,0.53,6.00,0
248,G001,"Chillies, green-1 (Capsicum annum)",5,0,3.14,0,0,0.07,0,1.93,0,0,0,0,0,0.26,20.12,0
249,G002,"Chillies, green-2 (Capsicum annum)",3,0,3.49,0,0,0.06,0,2.10,0,0,0,0,0,0.27,19.51,0
250,G003,"Chillies, green-3 (Capsicum annum)",5,0,3.17,0,0,0.06,0,2.03,0,0,0,0,0,0.26,18.05,0
251,G004,"Chillies, green-4 (Capsicum annum)",3,0,2.87,0,0,0.07,0,2.27,0,0,0,0,0,0.30,22.16,0
252,G005,"Chillies, green-5 (Capsicum annum)",2,0,3.26,0,0,0.08,0,1.73,0,0,0,0,0,0.25,15.70,0
253,G006,"Chillies, green-6 (Capsicum annum)",1,0,2.19,0,0,0.07,0,2.46,0,0,0,0,0,0.31,18.00,0
254,G007,"Chillies, green-7 (Capsicum annum)",1,0,2.43,0,0,0.04,0,1.80,0,0,0,0,0,0.22,19.50,0
255,G008,"Chillies, green - all varieties (Capsicum annum)",6,0,3.11,0,0,0.06,0,2.04,0,0,0,0,0,0.27,19.18,0
256,G009,Coriander leaves (Coriandrum sativum),6,0,3.55,0,0,0.42,0,0,0,0.12,0,0.07,0,0.46,274,0
257,G010,Curry leaves (Murraya koenigii),6,0,117,0,0,1.71,0,0,0.82,0.34,0,0,0,1.82,275,0
258,G011,"Garlic, big clove (Allium sativum)",6,0,1.88,0,0,0.07,0,0,0,0,0,0,0,0.07,2.80,0
259,G012,"Garlic, small clove (Allium sativum)",3,0,1.97,0,0,0.06,0,0,0,0,0,0,0,0.06,3.20,0
260,G013,"Garlic, single clove, Kashmir (Allium sativum)",1,0,2.89,0,0,0.05,0,0,0,0,0,0,0,0.05,4.50,0
261,G014,"Ginger, fresh (Zinziber officinale)",6,0,4.09,0,0,0.28,0,0.47,0,0,0,0,0,0.32,25.55,0
262,G015,Mango ginger (Curcuma amada),3,0,3.10,0,0,0.35,0,0,0,0.79,0,0,0,0.59,27.71,0
263,G016,Mint leaves (Mentha spicata ),4,0,3.37,0,0,0.45,0,0.07,0,0,0,0,0,0.46,164,0
264,G017,"Onion, big (Allium cepa)",6,0,0.73,0,0,0.05,0,0,0,0,0,0,0,0.05,4.50,0
265,G018,"Onion, small (Allium cepa)",5,0,0.12,0,0,0.06,0,0,0,0,0,0,0,0.06,5.30,0
266,G019,Asafoetida (Ferula assa-foetida),6,0,12.59,0,0,0.73,0,0,0,0.12,0,0,0,0.77,46.56,0
267,G020,"Cardamom, green (Elettaria cardamomum)",6,0,43.72,0,0,0.14,1.13,0,0,0.59,0,0,0,0.77,6.81,0
268,G021,"Cardamom, black (Elettaria cardamomum)",4,0,43.55,0,0,0.36,0.83,0,0,1.38,0,0,0,1.10,5.74,0
269,G022,"Chillies, red (Capsicum annum)",6,0,24.36,0,0,0.69,0,2.91,0,0,0,0,0,0.98,274,0
270,G023,Cloves (Syzygium aromaticum),6,0,45.07,0,0,0.46,0.77,0,0,0.01,0,0,0,0.77,161,0
271,G024,Coriander seeds (Coriandrum sativum),6,0,1.31,0,0,0.91,0,0,0,0.32,0,0.47,0.24,1.01,35.70,0
272,G025,Cumin seeds (Cuminum cyminum),6,0,12.10,0,0,1.49,0,0,0,0,0,0,0,1.49,146,0
273,G026,Fenugreek seeds (Trigonella foenum graecum),6,0,1.98,0,0,0.02,0,0,0,0.02,0,0,0,0.02,1.50,0
274,G027,Mace (Myristica fragrans),6,0,44.92,0,0,1.05,0,0,0,10.36,0,0,0,4.16,70.44,0
275,G028,Nutmeg (Myristica fragrans),6,0,46.67,0,0,1.18,0,0,0,0.09,0,0,0,1.21,60.92,0
276,G029,Omum (Trachyspermum ammi),6,0,2.62,0,0,0.01,0,0,0.41,0,0,0,0.11,0.01,30.36,0
277,G030,Pippali (Piper longum),6,0,118,0,0,0.01,0,0.26,0,0,0,0,0,0.03,93.45,0
278,G031,"Pepper, black (Piper nigrum)",6,0,25.68,0,0,0.59,1.58,0.45,0,0.01,0,0,0,1.27,171,0
279,G032,Poppy seeds (Papaver somniferum),6,0,33.92,0,0,1.66,0,0.10,0,0,0,0,0,1.67,95.18,0
280,G033,Turmeric powder (Curcuma domestica),6,0,18.67,0,0,2.63,0.28,0,0,0.60,0,0,0,2.92,12.80,0
281,H001,Almond (Prunus amygdalus),6,0,1.61,0,0,24.88,1.87,1.68,0.08,0.21,0,0,0,25.86,8.40,0
282,H002,"Arecanut, dried, brown (Areca catechu)",6,0,12.77,0,0,0.06,0.22,0.03,0,0,0,0,0,0.15,3.78,0
283,H003,"Arecanut, dried, red color (Areca catechu)",3,0,12.60,0,0,0.04,0.27,0.04,0,0,0,0,0,0.17,3.90,0
284,H004,"Arecanut, fresh (Areca catechu)",2,0,11.03,0,0,0.01,0.13,0.02,0,0,0,0,0,0.06,3.71,0
285,H005,Cashew nut (Anacardium occidentale),6,0,3.85,0,0,1.05,0.05,5.26,0,0,0,0,0,1.05,1.83,0
286,H006,"Coconut, kernal, dry (Cocos nucifera)",6,0,0,0,0,6.02,0,0.44,0,0,0,0,0,6.06,2.88,0
287,H007,"Coconut, kernel, fresh (Cocos nucifera)",6,0,0,0,0,2.39,0.05,3.19,0,0,0,0,0,2.72,23.22,0
288,H008,"Garden cress, seeds (Lepidium sativum)",5,0,1.92,0,0,1.07,0,0,0,0,0,0,0,0.07,24.66,0
289,H009,"Gingelly seeds, black (Sesamum indicum)",6,0,67.83,0,0,1.08,0,0,0,0.03,0,0,0,0.09,110,0
290,H010,"Gingelly seeds, brown (Sesamum indicum)",4,0,76.51,0,0,1.22,0,0,0,0.04,0,0,0,0.23,113,0
291,H011,"Gingelly seeds, white (Sesamum indicum)",5,0,62.74,0,0,1.24,0,0,0,0.07,0,0,0,1.26,106,0
292,H012,Ground nut (Arachis hypogea),6,0,7.10,0,0,4.26,0,0,0,0.04,0,0,0,0.28,2.50,0
293,H013,Mustard seeds (Brassica juncea),6,0,31.79,0,0,1.44,0,0,0,0.04,0,0,0,0.45,8.20,0
294,H014,Linseeds (Linum usitatissimum),6,0,0.55,0,0,7.79,0,1.51,0,1.12,0,0,0,8.28,19.17,0
295,H015,"Niger seeds, black (Guizotia abyssinica)",4,0,2.52,0,0,2.59,0,7.79,1.05,0,1.08,0,0,1.44,110,0
296,H016,"Niger seeds, gray (Guizotia abyssinica)",5,0,2.70,0,0,2.18,0,4.18,1.25,0,1.12,0,0,2.66,105,0
297,H017,Pine seed (Pinus gerardiana),5,0,0.61,0,0,4.01,0,0,0,0,0,0,0,0.01,44.55,0
298,H018,Pistachio nuts (Pistacla vera),6,0,1.80,0,0,31.41,4.10,8.48,1.55,0.02,0,0,0,33.92,18.65,0
299,H019,Safflower seeds (Carthamus tinctorius),5,0,1.91,0,0,31.74,5.88,9.62,1.98,0.06,0,0,0,35.09,8.80,0
300,H020,Sunflower seeds (Helianthus annuus),5,0,1.54,0,0,21.39,3.42,3.41,0,0,0,0,0,12.93,9.20,0
301,H021,Walnut (Juglans regia),6,0,46.31,0,0,2.65,3.50,0.43,0.16,0.10,0,0,0,4.12,84.92,0
302,I001,"Jaggery, cane (Saccharum officinarum)",6,0,0.47,0,0,0.04,0,0,0,0,0,0,0,0.04,0,0
303,I002,"Sugarcane, juice (Saccharum officinarum)",6,0,0.41,0,0,0.02,0,0,0,0,0,0,0,0.02,0,0
304,J001,"Button mushroom, fresh (Agaricus sp.)",1,0,20.54,0,0,0.01,0,0,0,0,0,0,0,0.01,12.5,0
305,J002,"Chicken mushroom, fresh (Lactiporus sp.)",1,0,27.58,0,0,0.02,0,0,0,0,0,0,0,0.02,16.29,0
306,J003,"Shiitake mushroom, fresh (Lentinula sp.)",1,0,36.40,0,0,0.01,0,0,0,0,0,0,0,0.01,12.50,0
307,J004,"Oyster mushroom, dried (Pleurotus sp.)",1,0,109,0,0,0.01,0,0,0,0,0,0,0,0.01,11.80,0
308,K001,Toddy,10,0,0,0,0,0,0,0,0,0.02,0,0,0,0.01,0,0
309,K002,Coconut Water,6,0,0,0,0,0.45,0,0,0,0,0,0,0,0.45,2.69,0
310,L001,"Milk, whole, Buffalo",6,0,1.63,0,0,0.12,0.09,0,0,0.10,0,0.08,0,0.19,0,0
311,L002,"Milk, whole, Cow",6,0,1.22,0,0,0.14,0.11,0,0,0.15,0,0.08,0,0.22,0,0
312,L003,Paneer,6,0,0.13,0,0,0.02,0,0,0,0,0,0,0,0.02,0,0
313,L004,Khoa,6,0,0.12,0,0,0.03,0,0,0,0,0,0,0,0.03,0,0
314,M001,"Egg, poultry, whole, raw",6,198,0,0.84,0,1.47,0.05,0.02,0.03,0.07,0.01,0.02,0,1.51,0,14.61
315,M002,"Egg, poultry, white, raw",6,0,0,1.05,0,0,0,0,0,0,0,0,0,0,0,0
316,M003,"Egg, poultry, yolk, raw",6,539,0,3.25,0.04,2.94,0.02,0.01,0.04,0.06,0.01,0.01,0,2.97,0,45.14
317,M004,"Egg, poultry, whole, boiled",6,180,0,0.74,0,1.31,0.04,0.02,0,0.03,0.01,0,0,1.34,0,13.02
318,M005,"Egg, poultry, white, boiled",6,0,0,0.18,0,0,0,0,0,0,0,0,0,0,0,0
319,M006,"Egg, poultry, yolk, boiled",6,456,0,3.04,0,2.77,0.02,0.01,0.03,0.05,0.01,0,0,2.80,0,40.29
320,M007,"Egg, poultry, omlet",3,181,0,2.98,0,1.82,0.06,0.03,0.25,0.11,0.01,0,0,1.88,0,16.62
321,M008,"Egg, country hen, whole, raw",1,206,0,4.46,0,2.05,0.06,0.03,0,0.08,0.01,0,0,2.10,0,64.00
322,M009,"Egg, country hen, whole, boiled",1,195,0,2.99,0,2.00,0.05,0.03,0,0.08,0.01,0,0,2.05,0,60.00
323,M010,"Egg, country hen, omlet",1,202,0,3.44,0,2.70,0.07,0.04,0,0.18,0.01,0,0,2.79,0,66.00
324,M011,"Egg, duck, whole, boiled",1,171,0,1.90,0,2.04,0,0.04,0,0.04,0,0,0,2.06,0,117
325,M012,"Egg, duck, whole, raw",1,181,0,2.67,0,2.45,0,0.04,0,0.05,0,0,0,2.47,0,118
326,M013,"Egg, duck, whole, omlet",1,166,0,2.10,0,2.62,0,0.06,0,0.11,0,0,0,2.66,0,111
327,M014,"Egg, quial, whole, raw",1,151,0,5.72,0,0.98,0,0.01,0,0.05,0,0,0,0.99,0,8.19
328,M015,"Egg, quial, whole, boiled",1,140,0,4.91,0,0.82,0,0.01,0,0.04,0,0,0,0.84,0,4.46
329,N001,"Chicken, poultry, leg, skinless",4,10.95,0,1.12,0.02,0.60,0,0.10,0,0.02,0.01,0,0,0.61,0,10.78
330,N002,"Chicken, poultry, thigh, skinless",6,16.48,0,1.22,0.02,0.65,0,0.10,0,0.01,0.02,0,0,0.66,0,16.17
331,N003,"Chicken, poultry, breast, skinless",5,6.96,0,1.38,0,0.29,0,0.05,0,0.01,0,0.02,0,0.29,0,27.80
332,N004,"Chicken, poultry, wing, skinless",5,31.21,0,1.11,0,0.57,0,0.08,0,0.01,0,0.02,0,0.58,0,28.17
333,N005,"Poultry, chicken, liver",1,3486,0,2.62,0.02,0.72,0,0.10,0,0,0,0,0,0.73,0,14.30
334,N006,"Poultry, chicken, gizzard",1,46.78,0,1.60,0,0.63,0,0,0,0,0,0,0,0.63,0,28.58
335,N007,"Country hen, leg, with skin",1,17.44,0,1.12,0,0.69,0,0.10,0,0.01,0.01,0.01,0,0.70,0,11.31
336,N008,"Country hen, thigh, with skin",1,27.00,0,1.05,0,0.54,0,0.10,0,0.01,0.02,0,0,0.55,0,18.50
337,N009,"Country hen, breast, with skin",1,8.52,0,0.80,0,0.35,0,0.06,0,0.01,0.02,0,0,0.36,0,28.88
338,N010,"Country hen, wing, with skin",1,27.52,0,0.61,0,0.57,0,0.08,0,0.01,0,0.02,0,0.58,0,31.65
339,N011,"Duck, meat, with skin",1,48.86,0,0.91,0,0.70,0,0,0,0.01,0,0,0,0.70,0,7.88
340,N012,"Emu, meat, skinless",1,2.84,0,0.67,0,0.40,0,0.15,0,0.02,0,0,0,0.42,0,8.06
341,N013,"Guinea fowl, meat, with skin",1,2.26,0,1.02,0,1.75,0,1.30,0,0,0,0.01,0,1.88,0,11.05
342,N014,"Pigeon, meat, with skin",1,15.25,0,1.20,0,1.52,0,0.15,0,0,0.01,0,0,1.54,0,7.10
343,N015,"Quail, meat, skinless",1,12.84,0,1.53,0,1.59,0,0.81,0,0.01,0,0,0,1.67,0,7.30
344,N016,"Turkey, leg, with skin",1,8.15,0,0.50,0,0.72,0,0.01,0,0.01,0,0,0,0.72,0,18.46
345,N017,"Turkey, thigh, with skin",1,13.11,0,0.36,0,0.62,0,0.02,0,0.01,0,0,0,0.63,0,25.36
346,N018,"Turkey, breast, with skin",1,8.97,0,0.52,0,0.56,0,0.03,0,0.02,0,0,0,0.57,0,26.43
347,N019,"Turkey, wing, with skin",1,18.07,0,0.52,0,0.43,0,0.02,0,0.01,0,0,0,0.44,0,18.43
348,O001,"Goat, shoulder",6,7.57,0,0.80,0,0.35,0,0,0,0,0,0,0,0.35,0,5.80
349,O002,"Goat, chops",6,2.55,0,0.40,0,0.15,0,0,0,0,0,0,0,0.15,0,6.50
350,O003,"Goat, legs",6,8.51,0,0.28,0.04,0.09,0,0,0,0,0,0,0,0.09,0,9.50
351,O004,"Goat, brain",5,1.98,0,0.30,0,0.08,0,0,0,0,0,0,0,0.07,0,3.80
352,O005,"Goat, tongue",4,8.95,0,0.02,0.33,0.08,0,0,0,0,0,0,0,0.08,0,1.70
353,O006,"Goat, lungs",4,2.75,0,0.09,1.31,0.08,0,0,0,0,0,0,0,0.08,0,4.60
354,O007,"Goat, heart",5,5.90,0,0.60,0,0.09,0,0,0,0,0,0,0,0.09,0,10.60
355,O008,"Goat, liver",6,15655,0,0.56,0.18,0.61,0,0,0,0,0,0,0,0.61,0,12.64
356,O009,"Goat, tripe",5,2.17,0,0,0,0.10,0,0,0,0,0,0,0,0.10,0,11.50
357,O010,"Goat, spleen",4,7.85,0,0.10,0.36,0.08,0,0,0,0,0,0,0,0.08,0,9.00
358,O011,"Goat, kidneys",4,68.56,0,0,0,0.09,0,0,0,0,0,0,0,0.09,0,3.50
359,O012,"Goat, tube (small intestine)",3,2.62,0,0,0,0.19,0,0,0,0,0,0,0,0.13,0,11.00
360,O013,"Goat, testis",2,2.48,0,0.55,0.07,0.09,0,0,0,0,0,0,0,0.09,0,2.50
361,O014,"Sheep, shoulder",5,8.71,0,0.07,0,0.31,0,0,0,0,0,0,0,0.31,0,6.80
362,O015,"Sheep, chops",4,3.49,0,0.47,0,0.10,0,0,0,0,0,0,0,0.10,0,7.30
363,O016,"Sheep, leg",5,9.93,0,2.14,0.65,0.08,0,0,0,0,0,0,0,0.08,0,8.90
364,O017,"Sheep, brain",1,1.55,0,1.06,0,0.09,0,0,0,0,0,0,0,0.09,0,2.80
365,O018,"Sheep, tongue",1,7.33,0,0,0,0.07,0,0,0,0,0,0,0,0.07,0,1.50
366,O019,"Sheep, lungs",2,2.45,0,0.12,0.19,0.08,0,0,0,0,0,0,0,0.08,0,4.90
367,O020,"Sheep, heart",1,4.64,0,0.80,0,0.15,0,0,0,0,0,0,0,0.15,0,9.70
368,O021,"Sheep, liver",4,14106,0,0.31,0.36,0.60,0,0,0,0,0,0,0,0.60,0,14.70
369,O022,"Sheep, tripe",2,2.72,0,0,0,0.20,0,0,0,0,0,0,0,0.20,0,10.90
370,O023,"Sheep, spleen",1,6.61,0,0,0,0.10,0,0,0,0,0,0,0,0.10,0,7.50
371,O024,"Sheep, kidneys",2,68.68,0,0.37,0.07,0.10,0,0,0,0,0,0,0,0.10,0,2.90
372,O025,"Beef, shoulder",6,15.51,0,0.46,0.14,0.40,0,0,0,0,0,0,0,0.40,0,2.90
373,O026,"Beef, chops",4,2.43,0,0.47,0.05,0.30,0,0,0,0,0,0,0,0.30,0,2.80
374,O027,"Beef, round (leg)",6,2.52,0,0.43,0.11,0.40,0,0,0,0,0,0,0,0.40,0,5.80
375,O028,"Beef, brain",4,2.18,0,0.69,0.05,0.10,0,0,0,0,0,0,0,0.10,0,2.70
376,O029,"Beef, tongue",4,5.56,0,0.61,0.15,0.11,0,0,0,0,0,0,0,0.11,0,1.90
377,O030,"Beef, lungs",3,1.89,0,0,0,0.11,0,0,0,0,0,0,0,0.11,0,3.70
378,O031,"Beef, heart",5,10.13,0,5.71,0.27,0.10,0,0,0,0,0,0,0,0.10,0,2.50
379,O032,"Beef, liver",6,9119,0,0,4.00,0.60,0,0,0,0,0,0,0,0.60,0,4.00
380,O033,"Beef, tripe",5,4.29,0,4.00,0.06,0.41,0,0,0,0,0,0,0,0.41,0,3.50
381,O034,"Beef, spleen",6,8.71,0,0.33,0,0.10,0,0,0,0,0,0,0,0.10,0,2.50
382,O035,"Beef, kidneys",3,98.04,0,0.53,0.11,0.08,0,0,0,0,0,0,0,0.08,0,2.50
383,O036,"Calf, shoulder",2,13.17,0,0,0,0.30,0,0,0,0,0,0,0,0.30,0,3.50
384,O037,"Calf, chops",2,2.10,0,0.74,0,0.30,0,0,0,0,0,0,0,0.30,0,3.20
385,O038,"Calf, round (leg)",2,2.42,0,0.97,0,0.20,0,0,0,0,0,0,0,0.20,0,6.20
386,O039,"Calf, brain",2,1.41,0,0.61,7.98,0.10,0,0,0,0,0,0,0,0.10,0,3.00
387,O040,"Calf, tongue",2,4.63,0,0,0,0.10,0,0,0,0,0,0,0,0.10,0,1.70
388,O041,"Calf, heart",1,4.83,0,0,0,0.10,0,0,0,0,0,0,0,0.10,0,1.90
389,O042,"Calf, liver",1,9664,0,0,0,0.50,0,0,0,0,0,0,0,0.50,0,5.00
390,O043,"Calf, spleen",1,6.32,0,0.29,0,0.10,0,0,0,0,0,0,0,0.10,0,2.50
391,O044,"Calf, kidneys",2,95.73,0,0,0,0.10,0,0,0,0,0,0,0,0.10,0,3.10
392,O045,"Mithun, shoulder",1,12.68,0,0.06,0,0.30,0,0,0,0,0,0,0,0.30,0,3.80
393,O046,"Mithun, chops",1,2.62,0,0.08,0,0.20,0,0,0,0,0,0,0,0.20,0,4.20
394,O047,"Mithun, round (leg)",1,2.47,0,0.04,0,0.30,0,0,0,0,0,0,0,0.30,0,8.50
395,O048,"Pork, shoulder",6,5.12,0,9.03,0.35,0.30,0,0,0,0,0,0,0,0.30,0,1.80
396,O049,"Pork, chops",6,1.51,0,4.83,2.27,0.11,0,0,0,0,0,0,0,0.11,0,2.20
397,O050,"Pork, ham",6,2.98,0,5.85,0,0.20,0,0,0,0,0,0,0,0.20,0,5.30
398,O051,"Pork, lungs",4,5.14,0,1.91,0.14,0.11,0,0,0,0,0,0,0,0.11,0,3.80
399,O052,"Pork, heart",4,7.16,0,0,0,0.10,0,0,0,0,0,0,0,0.10,0,3.50
400,O053,"Pork, liver",5,8759,0,2.97,0.23,0.85,0,0,0,0,0,0,0,0.85,0,4.50
401,O054,"Pork, stomach",1,3.34,0,0.42,0.13,0.30,0,0,0,0,0,0,0,0.30,0,3.50
402,O055,"Pork, spleen",3,8.44,0,0,0,0.17,0,0,0,0,0,0,0,0.17,0,2.50
403,O056,"Pork, kidneys",5,72.53,0,2.92,0.24,0.19,0,0,0,0,0,0,0,0.19,0,1.50
404,O057,"Pork, tube (small intestine)",1,1.13,0,1.01,0,0.20,0,0,0,0,0,0,0,0.20,0,3.50
405,O058,"Hare, shoulder",1,8.88,0,0.06,0,1.46,0,0,0,0,0,0,0.58,1.46,0,25.59
406,O059,"Hare, chops",1,2.84,0,0.09,0,1.73,0,0,0,0,0,0,0.69,1.73,0,23.65
407,O060,"Hare, leg",1,1.26,0,0.08,0,1.44,0,0,0,0,0,0,0.58,1.44,0,22.18
408,O061,"Rabbit, shoulder",1,5.90,0,0.57,0,1.22,0,0,0,0,0,0,0.49,1.22,0,24.68
409,O062,"Rabbit, chops",1,3.88,0,0.70,0,0.83,0,0,0,0,0,0,0.33,0.83,0,25.88
410,O063,"Rabbit, leg",1,8.49,0,0.43,0,0.72,0,0,0,0,0,0,0.29,0.72,0,23.85
411,P001,Allathi (Elops machnata),1,9.60,0,1.03,0.25,1.02,0,0,0,0,0,0,0,1.02,0,1.98
412,P002,Aluva (Parastromateus niger),3,14.30,0,0.79,0.34,1.00,0,0,0,0,0,0,0,1.00,0,8.88
413,P003,Anchovy (Stolephorus indicus),2,12.18,0,2.76,0.11,0.73,0,0,0,0,0,0,0,0.73,0,0.60
414,P004,Ari fish (Aprion virescens ),1,1.56,0,1.02,0.02,0.10,0,0,0,0,0,0,0,0.10,0,0.88
415,P005,Betki (Lates calcarifer),1,5.58,0,1.05,0.06,0.38,0,0,0,0,0,0,0,0.38,0,0.63
416,P006,Black snapper (Macolor niger),1,14.55,0,1.31,0.18,0.51,0,0,0,0,0,0,0,0.51,0,115
417,P007,Bombay duck (Harpadon nehereus),2,3.38,0,0.96,0.29,0.75,0,0,0,0,0,0,0,0.75,0,1.04
418,P008,Bommuralu (Muraenesox cinerius),3,3.28,0,3.19,0.08,0.54,0,0,0,0,0,0,0,0.54,0,0.94
419,P009,Cat fish (Tachysurus thalassinus),1,14.08,0,1.42,0.47,0.38,0,0,0,0,0,0,0,0.38,0,0.96
420,P010,Chakla (Rachycentron canadum),5,1.39,0,2.07,0.08,0.72,0,0,0,0,0,0,0,0.72,0,0.62
421,P011,Chappal (Aluterus monoceros ),1,1.37,0,0.21,0.04,1.09,0,0,0,0,0,0,0,1.09,0,0.77
422,P012,Chelu (Elagatis bipinnulata),2,1.49,0,0.86,0.17,0.41,0,0,0,0,0,0,0,0.41,0,1.06
423,P013,Chembali (Lutjanus quinquelineatus),1,1.59,0,0.72,0.16,1.20,0,0,0,0,0,0,0,1.20,0,1.44
424,P014,Eri meen (Pristipomoides filamentosus),1,13.24,0,0.33,0.01,0.10,0,0,0,0,0,0,0,0.10,0,0.92
425,P015,Gobro (Epinephelus diacanthus),2,1.82,0,0.15,0,0.89,0,0,0,0,0,0,0,0.89,0,1.58
426,P016,Guitar fish (Rhinobatus prahli),1,1.27,0,0.12,0.30,0.34,0,0,0,0,0,0,0,0.34,0,3.43
427,P017,Hilsa (Tenualosa ilisha),2,7.42,0,4.96,1.02,1.35,0,0,0,0,0,0,0,1.35,0,0.94
428,P018,Jallal (Arius sp.),1,8.49,0,0.94,0.03,0.62,0,0,0,0,0,0,0,0.62,0,0.64
429,P019,Jathi vela meen (Lethrinus lentjan),2,3.16,0,0.93,0.10,1.49,0,0,0,0,0,0,0,1.49,0,1.06
430,P020,Kadal bral (Synodus indicus),1,10.63,0,1.20,0.42,0.12,0,0,0,0,0,0,0,0.12,0,0.55
431,P021,Kadali (Nemipterus mesoprion),1,25.61,0,0.84,0.20,0.58,0,0,0,0,0,0,0,0.58,0,1.02
432,P022,Kalamaara (Leptomelanosoma indicum),2,9.04,0,1.45,0.05,0.82,0,0,0,0,0,0,0,0.82,0,0.85
433,P023,Kalava (Epinephelus coioides),1,1.29,0,1.86,0.07,0.33,0,0,0,0,0,0,0,0.33,0,1.63
434,P024,Kanamayya (Lutjanus rivulatus),2,16.42,0,0.82,0.34,0.59,0,0,0,0,0,0,0,0.59,0,2.15
435,P025,Kannadi paarai (Alectis indicus),3,12.37,0,0.10,0.19,0.70,0,0,0,0,0,0,0,0.70,0,0.92
436,P026,Karimeen (Etroplus suratensis),1,1.29,0,0.87,0.13,0.37,0,0,0,0,0,0,0,0.37,0,12.04
437,P027,Karnagawala (Anchoa hepsetus),1,1.82,0,1.24,0.04,0.12,0,0,0,0,0,0,0,0.12,0,0.85
438,P028,Kayrai (Thunnus albacores),2,10.19,0,3.12,0.13,0.75,0,0,0,0,0,0,0,0.75,0,1.70
439,P029,Kiriyan (Atule mate),1,1.62,0,0.38,0.38,0.35,0,0,0,0,0,0,0,0.35,0,0.93
440,P030,Kite fish (Mobula kuhlii),1,1.52,0,0.03,0.01,0.24,0,0,0,0,0,0,0,0.24,0,1.54
441,P031,Korka (Terapon jarbua),1,6.55,0,0.34,0.02,0.63,0,0,0,0,0,0,0,0.63,0,1.31
442,P032,Kulam paarai (Carangoides fulvoguttatus),1,3.64,0,2.45,0.31,1.05,0,0,0,0,0,0,0,1.05,0,0.88
443,P033,Maagaa (Polynemus plebeius),1,1.76,0,1.18,0.09,1.03,0,0,0,0,0,0,0,1.03,0,0.75
444,P034,Mackerel (Rastrelliger kanagurta),3,16.34,0,0.22,0.23,0.71,0,0,0,0,0,0,0,0.71,0,5.25
445,P035,Manda clathi (Naso reticulatus),1,1.99,0,1.46,0.45,0.16,0,0,0,0,0,0,0,0.16,0,0.46
446,P036,Matha (Acanthurus mata ),2,4.99,0,1.95,0.11,0.61,0,0,0,0,0,0,0,0.61,0,0.78
447,P037,Milk fish (Chanos chanos),1,3.29,0,1.20,0.02,1.86,0,0,0,0,0,0,0,1.86,0,1.18
448,P038,Moon fish (Mene maculata),1,8.94,0,0.48,0.09,1.20,0,0,0,0,0,0,0,1.20,0,4.20
449,P039,Mullet (Mugil cephalus),3,18.38,0,0.31,0.19,0.53,0,0,0,0,0,0,0,0.53,0,0.83
450,P040,Mural (Tylosurus crocodilus crocodilus),1,1.61,0,0.86,0.01,0.44,0,0,0,0,0,0,0,0.44,0,1.34
451,P041,Myil meen (Istiophorus platypterus),2,21.51,0,0.18,0.22,0.53,0,0,0,0,0,0,0,0.53,0,0.89
452,P042,Nalla bontha (Epinephelus sp.),1,2.40,0,0.54,0.01,0.11,0,0,0,0,0,0,0,0.11,0,1.20
453,P043,Narba (Caranx sexfasciatus),2,2.93,0,0.19,0.20,0.90,0,0,0,0,0,0,0,0.90,0,1.11
454,P044,Paarai (Caranx heberi),1,3.23,0,1.40,0.38,0.30,0,0,0,0,0,0,0,0.30,0,0.97
455,P045,Padayappa (Canthidermis maculata),1,1.46,0,0.62,0.08,0.25,0,0,0,0,0,0,0,0.25,0,0.63
456,P046,Pali kora (Panna microdon),1,1.89,0,0.11,0.02,0.44,0,0,0,0,0,0,0,0.44,0,1.92
457,P047,Pambada (Lepturacanthus savala),2,2.88,0,1.15,0.20,0.55,0,0,0,0,0,0,0,0.55,0,0.98
458,P048,Pandukopa (Pseudosciaena manchurica),1,1.33,0,0.20,0.10,0.47,0,0,0,0,0,0,0,0.47,0,0.62
459,P049,Parava (Lactarius lactarius),1,2.56,0,1.12,0.01,0.55,0,0,0,0,0,0,0,0.55,0,0.66
460,P050,Parcus (Psettodes erumei),1,1.72,0,0.57,0.20,0.30,0,0,0,0,0,0,0,0.30,0,1.84
461,P051,Parrot fish (Scarus ghobban),1,2.47,0,0.67,0.01,0.26,0,0,0,0,0,0,0,0.26,0,2.83
462,P052,Perinkilichai (Pinjalo pinjalo),1,1.62,0,0.36,0.08,1.10,0,0,0,0,0,0,0,1.10,0,0.95
463,P053,Phopat (Coryphaena hippurus),4,3.52,0,0.43,0.25,0.58,0,0,0,0,0,0,0,0.58,0,0.75
464,P054,Piranha (Pygopritis sp.),1,1.05,0,1.06,0.09,0.37,0,0,0,0,0,0,0,0.37,0,3.15
465,P055,"Pomfret, black (Parastromateus niger)",1,10.55,0,2.28,0.66,0.60,0,0,0,0,0,0,0,0.60,0,102
466,P056,"Pomfret, snub nose (Trachinotus blochii)",2,3.91,0,0.51,0.08,1.54,0,0,0,0,0,0,0,1.54,0,0.84
467,P057,"Pomfret, white (Pampus argenteus)",2,30.31,0,0.61,0.10,1.26,0,0,0,0,0,0,0,1.26,0,0.99
468,P058,Pranel (Gerres sp.),1,1.84,0,0.54,0.01,0.42,0,0,0,0,0,0,0,0.42,0,0.69
469,P059,Pulli paarai (Gnathanodon speciosus),1,1.75,0,1.60,0.01,0.82,0,0,0,0,0,0,0,0.82,0,1.24
470,P060,Queen fish (Scomberoides commersonianus),3,1.52,0,0.19,0,0.40,0,0,0,0,0,0,0,0.40,0,0.79
471,P061,Raai fish (Lobotes surinamensis),2,1.15,0,2.99,0.14,0.52,0,0,0,0,0,0,0,0.52,0,1.05
472,P062,Raai vanthu (Epinephelus chlorostigma),1,2.87,0,1.23,0,0.02,0,0,0,0,0,0,0,0.02,0,1.21
473,P063,Rani (Pink perch),1,1.78,0,1.84,0.06,1.65,0,0,0,0,0,0,0,1.65,0,0.71
474,P064,"Ray fish, bow head, spotted (Rhina ancylostoma)",1,1.97,0,0.81,0.02,0.33,0,0,0,0,0,0,0,0.33,0,1.51
475,P065,Red snapper (Lutjanus argentimaculatus),1,4.77,0,2.32,0.05,0.41,0,0,0,0,0,0,0,0.41,0,98.48
476,P066,"Red snapper, small (Priacanthus hamrur)",1,20.87,0,3.05,0.13,0.85,0,0,0,0,0,0,0,0.85,0,0.97
477,P067,Sadaya (Platax orbicularis ),1,64.20,0,1.56,0.05,0.52,0,0,0,0,0,0,0,0.52,0,1.77
478,P068,Salmon (Salmo salar),1,15.63,0,0.86,0.08,0.58,0,0,0,0,0,0,0,0.58,0,0.75
479,P069,Sangada (Nemipterus japonicus),1,3.07,0,0.92,0.13,0.36,0,0,0,0,0,0,0,0.36,0,0.71
480,P070,Sankata paarai (Caranx ignobilis),1,2.58,0,0.58,0.14,1.07,0,0,0,0,0,0,0,1.07,0,1.17
481,P071,Sardine (Sardinella longiceps),1,12.66,0,3.51,0,0.38,0,0,0,0,0,0,0,0.38,0,2.65
482,P072,Shark (Carcharhinus sorrah),2,1.11,0,0.18,0.18,0.22,0,0,0,0,0,0,0,0.22,0,0.78
483,P073,"Shark, hammer head (Sphyrna mokarran)",1,20.55,0,0.58,0.14,0.78,0,0,0,0,0,0,0,0.78,0,1.16
484,P074,"Shark, spotted (Stegostoma fasciatum)",1,12.43,0,1.23,0.14,0.19,0,0,0,0,0,0,0,0.19,0,0.86
485,P075,Shelavu (Sphyraena jello),4,24.82,0,1.77,0.10,0.36,0,0,0,0,0,0,0,0.36,0,1.72
486,P076,Silan (Silonia silondia),1,3.07,0,0.18,0,0.48,0,0,0,0,0,0,0,0.48,0,1.74
487,P077,Silk fish (Beryx sp.),1,1.69,0,0.68,0.04,0.72,0,0,0,0,0,0,0,0.72,0,0.98
488,P078,Silver carp (Hypophthalmichthys molitrix),1,6.74,0,0.69,0.17,0.60,0,0,0,0,0,0,0,0.60,0,0.83
489,P079,Sole fish (Cynoglossus arel),1,9.53,0,1.12,0.01,0.18,0,0,0,0,0,0,0,0.18,0,0.74
490,P080,Stingray (Dasyatis pastinaca),1,7.55,0,0.67,0.23,0.28,0,0,0,0,0,0,0,0.28,0,0.90
491,P081,Tarlava (Drepane punctata),2,5.32,0,2.35,0.01,0.52,0,0,0,0,0,0,0,0.52,0,0.76
492,P082,Tholam (Plectorhinchus schotaf),2,250,0,2.80,0.75,0.60,0,0,0,0,0,0,0,0.60,0,1.33
493,P083,Tilapia (Oreochromis niloticus),1,17.14,0,0.85,0.08,1.86,0,0,0,0,0,0,0,1.86,0,3.65
494,P084,Tuna (Euthynnus affinis),5,16.65,0,0.11,0.63,0.57,0,0,0,0,0,0,0,0.57,0,11.63
495,P085,"Tuna, striped (Katsuwonus pelamis)",1,21.01,0,0.65,0.05,0.14,0,0,0,0,0,0,0,0.14,0,1.23
496,P086,Valava (Chirocentrus nudus),1,1.25,0,0.25,0.01,0.31,0,0,0,0,0,0,0,0.31,0,0.84
497,P087,Vanjaram (Scomberomorus commerson),2,81.90,0,1.57,0.07,0.67,0,0,0,0,0,0,0,0.67,0,0.65
498,P088,Vela meen (Aprion virescens),1,3.03,0,0.92,0,0.44,0,0,0,0,0,0,0,0.44,0,0.81
499,P089,Vora (Siganus javus),2,3.20,0,0.60,0.16,0.65,0,0,0,0,0,0,0,0.65,0,1.97
500,P090,Whale shark (Galeocerdo cuvier),1,1.97,0,1.82,0.35,0.17,0,0,0,0,0,0,0,0.17,0,0.81
501,P091,Xiphinis (Xiphias gladius),1,1.14,0,0.02,0.07,0.76,0,0,0,0,0,0,0,0.76,0,0.78
502,P092,"Eggs, Cat fish (Ompok bimaculatus)",1,2.55,0,2.80,0.47,0.28,0,0,0,0,0,0,0,0.28,0,0.53
503,Q001,Crab (Menippe mercenaria),1,1.55,0,0.21,0.68,6.33,0,0,0,0,0,0,0,6.33,0,1.04
504,Q002,"Crab, sea (Portunus sanguinolentus)",1,5.02,0,0.63,0.10,2.06,0,0,0,0,0,0,0,2.06,0,1.11
505,Q003,"Lobster, brown (Thenus orientalis)",1,1.83,0,0.78,0.06,1.35,0,0,0,0,0,0,0,1.35,0,1.06
506,Q004,"Lobster, king size (Thenus orientalis)",1,15.02,0,0.19,0.09,0.52,0,0,0,0,0,0,0,0.52,0,1.25
507,Q005,Mud crab (Scylla tranquebarica),1,8.33,0,0.94,0.14,2.34,0,0,0,0,0,0,0,2.34,0,1.03
508,Q006,Oyster (Crassostrea sp.),1,25.36,0,0.82,0.04,1.11,0,0,0,0,0,0,0,1.11,0,1.72
509,Q007,"Tiger prawns, brown (Solenocera crassicornis)",1,1.24,0,1.18,0.35,3.04,0,0,0,0,0,0,0,3.04,0,297
510,Q008,"Tiger Prawns, orange (Penaeus monodon)",1,6.55,0,1.62,0.63,2.87,0,0,0,0,0,0,0,2.87,0,2.32
511,R001,"Clam, green shell (Perna viridis)",1,29.04,0,0.86,0.07,2.7,0,0,0,0,0,0,0,2.7,0,1.48
512,R002,"Clam, white shell, ribbed (Meretrix meretrix)",1,8.50,0,2.08,0.10,1.21,0,0,0,0,0,0,0,1.21,0,1.53
513,R003,Octopus (Octopus vulgaris),1,28.00,0,0.43,0.24,0.66,0,0,0,0,0,0,0,0.66,0,0.84
514,R004,"Squid, black (Loligo sp.)",1,2.55,0,0.57,0.32,0.68,0,0,0,0,0,0,0,0.68,0,1.14
515,R005,"Squid, hard shell (Sepia pharaonis)",1,1.93,0,0.78,0.22,0.55,0,0,0,0,0,0,0,0.55,0,2.26
516,R006,"Squid, red (Loligo duvauceli)",2,4.72,0,1.05,0.18,0.47,0,0,0,0,0,0,0,0.47,0,1.14
517,R007,"Squid, white, small (Uroteuthis duvauceli)",1,8.55,0,0.55,0.16,0.66,0,0,0,0,0,0,0,0.66,0,1.84
518,S001,Cat fish (Tandanus tandanus),2,13.59,0,1.37,0.11,0.38,0,0,0,0,0,0,0,0.38,0,0.96
519,S002,Catla (Catla catla),6,4.32,0,1.90,0.16,2.35,0,0,0,0,0,0,0,2.35,0,1.12
520,S003,Freshwater Eel (Anguilla anguilla),1,866,0,3.81,0.57,1.80,0,0,0,0,0,0,0,1.80,0,1.23
521,S004,Gold fish (Carassius auratus),2,22.95,0,0.21,0.07,2.10,0,0,0,0,0,0,0,2.10,0,1.26
522,S005,Pangas (Pangasianodon hypophthalmus),6,14.59,0,0.20,0.08,2.80,0,0,0,0,0,0,0,2.80,0,0.92
523,S006,Rohu (Labeo rohita),6,3.87,0,0.84,0.17,2.40,0,0,0,0,0,0,0,2.40,0,1.03
524,S007,Crab (Pachygrapsus sp.),1,12.55,0,1.20,0.17,4.85,0,0,0,0,0,0,0,4.85,0,0.91
525,S008,"Prawns, big (Macrobrachium rosenbergii)",1,3.56,0,0.35,0.10,2.85,0,0,0,0,0,0,0,0,0,0.84
526,S009,"Prawns, small (Macrobrachium sp.)",3,2.78,0,0.95,0.15,1.75,0,0,0,0,0,0,0,1.75,0,0.80
527,S010,Tiger prawns (Macrobrachium sp.),2,0.55,0,1.34,0.27,1.65,0,0,0,0,0,0,0,1.65,0,1.02
